primary_keyword,position,competitor_article,source_file
personalized childrens books,1,https://imagitime.com/,raw/seo_brief_generator_inline_briefs_2026-06-30.md
personalized childrens books,2,"Personalized Books For Kids – Dinkleboo US, https://www.dinkleboo.com/collections/kids-books",raw/seo_brief_generator_inline_briefs_2026-06-30.md
personalized childrens books,3,"Personalized Children's Books, https://www.iseeme.com/en-us/",raw/seo_brief_generator_inline_briefs_2026-06-30.md
personalized childrens books,4,"Hooray Heroes - Personalized Books for Kids, Adults & Pets, https://hoorayheroes.com/",raw/seo_brief_generator_inline_briefs_2026-06-30.md
personalized childrens books,5,"Personalized Children's Books - Custom Kids Stories – Story Bug, https://www.storybug.com/collections/all-books",raw/seo_brief_generator_inline_briefs_2026-06-30.md
personalized childrens books,6,"Personalized Books for Kids & Families | NAMEE, https://namee.com/",raw/seo_brief_generator_inline_briefs_2026-06-30.md
personalized childrens books,7,"Create a Personalized Children's Book | Magical Children's Book, https://magicalchildrensbook.com/",raw/seo_brief_generator_inline_briefs_2026-06-30.md
personalized childrens books,8,"Personalized children's books: your child is the main character, https://us.librio.com/en/personalized-childrens-books",raw/seo_brief_generator_inline_briefs_2026-06-30.md
personalized christmas book,1,https://hoorayheroes.com/personalized-book/personalized-christmas-book-for-two-kids,raw/seo_brief_generator_inline_briefs_2026-06-30.md
personalized christmas book,2,https://www.amazon.com/stores/ISeeMePersonalizedChildrensBooks/page/54F64F69-0085-4647-B32B-9FC78673C820,raw/seo_brief_generator_inline_briefs_2026-06-30.md
personalized christmas book,3,https://www.shutterfly.com/p/personalized-stories/personalized-story-books/my-night-before-christmas-personalized-story-book,raw/seo_brief_generator_inline_briefs_2026-06-30.md
personalized christmas book,4,https://www.dinkleboo.com/products/saving-christmas-personalized-story-book,raw/seo_brief_generator_inline_briefs_2026-06-30.md
personalized christmas book,5,https://hoorayheroes.com/personalized-products/christmas-books,raw/seo_brief_generator_inline_briefs_2026-06-30.md
personalized christmas book,6,https://www.storybug.com/collections/christmas-books,raw/seo_brief_generator_inline_briefs_2026-06-30.md
personalized christmas book,7,https://us.letterfest.com/collections/personalized-christmas-books-for-kids,raw/seo_brief_generator_inline_briefs_2026-06-30.md
personalized christmas book,8,https://www.wonderbly.com/personalized-books/themes/christmas,raw/seo_brief_generator_inline_briefs_2026-06-30.md
personalized christmas book,9,https://www.iseeme.com/en-us/personalized-gifts-for-christmas.html,raw/seo_brief_generator_inline_briefs_2026-06-30.md
personalized christmas book,10,https://lovebookonline.com/,raw/seo_brief_generator_inline_briefs_2026-06-30.md
custom kids book,1,https://www.youtube.com/watch?v=_gaQNGDHvvk,raw/seo_brief_generator_inline_briefs_2026-06-30.md
custom kids book,2,https://magicalchildrensbook.com/,raw/seo_brief_generator_inline_briefs_2026-06-30.md
custom kids book,3,https://imagitime.com/,raw/seo_brief_generator_inline_briefs_2026-06-30.md
custom kids book,4,https://namee.com/personalized-story-books-for-children/for-who/family/,raw/seo_brief_generator_inline_briefs_2026-06-30.md
custom kids book,5,https://www.dinkleboo.com/collections/kids-books,raw/seo_brief_generator_inline_briefs_2026-06-30.md
custom kids book,6,https://www.reddit.com/r/childrensbooks/comments/17vkqjr/personalized_books/,raw/seo_brief_generator_inline_briefs_2026-06-30.md
custom kids book,7,https://www.wonderbly.com/,raw/seo_brief_generator_inline_briefs_2026-06-30.md
custom kids book,8,https://www.storybug.com/collections/all-books,raw/seo_brief_generator_inline_briefs_2026-06-30.md
custom kids book,9,https://hoorayheroes.com/,raw/seo_brief_generator_inline_briefs_2026-06-30.md
custom kids book,10,https://www.iseeme.com/en-us/,raw/seo_brief_generator_inline_briefs_2026-06-30.md
create a personalized book,1,https://www.reddit.com/r/writing/comments/sg2ria/best_platforms_for_creating_a_custom_book/,raw/seo_brief_generator_inline_briefs_2026-06-30.md
create a personalized book,2,https://www.yoursurprise.com/personalized-books,raw/seo_brief_generator_inline_briefs_2026-06-30.md
create a personalized book,3,https://www.wonderbly.com/personalized-books/adults,raw/seo_brief_generator_inline_briefs_2026-06-30.md
create a personalized book,4,https://www.storybug.com/collections/all-books,raw/seo_brief_generator_inline_briefs_2026-06-30.md
create a personalized book,5,https://www.mixbook.com/photo-books,raw/seo_brief_generator_inline_briefs_2026-06-30.md
create a personalized book,6,https://hoorayheroes.com/,raw/seo_brief_generator_inline_briefs_2026-06-30.md
create a personalized book,7,https://www.iseeme.com/en-us/,raw/seo_brief_generator_inline_briefs_2026-06-30.md
create a personalized book,8,https://www.blurb.com/,raw/seo_brief_generator_inline_briefs_2026-06-30.md
create a personalized book,9,https://www.artifactuprising.com/photo-books,raw/seo_brief_generator_inline_briefs_2026-06-30.md
create a personalized book,10,https://lovebookonline.com/,raw/seo_brief_generator_inline_briefs_2026-06-30.md
personalize book character,1,"Make Your Own Personalized Books for Family & Friends | LoveBook, https://lovebookonline.com/?srsltid=AfmBOopPKEoOBnQ-8i7fpFMCyGdxKvf77IuIO2o0WPfw2VUCm2fWxUW3",raw/seo_brief_generator_personalize_book_character_2026-06-30.txt
personalize book character,2,"Personalized Children's Books - Custom Kids Stories – Story Bug, https://www.storybug.com/collections/all-books",raw/seo_brief_generator_personalize_book_character_2026-06-30.txt
personalize book character,3,"Personalized Children's Book for Siblings and Friends - A Tale of Two | Librio, https://us.librio.com/en/personalised-childrens-books/a-tale-of-two",raw/seo_brief_generator_personalize_book_character_2026-06-30.txt
personalize book character,4,"Personalized Children's Books, https://www.iseeme.com/en-us/?srsltid=AfmBOopiY0cAuiOgRwwBg9WRR-v9O8t-4o3gNqCdFTkQVfJuZtu_5_FF",raw/seo_brief_generator_personalize_book_character_2026-06-30.txt
personalize book character,5,"6 Best Personalized Books for Kids, Tested and Reviewed, https://www.thebump.com/a/best-personalized-childrens-books",raw/seo_brief_generator_personalize_book_character_2026-06-30.txt
personalize book character,6,"Create a Personalized Children's Book | Magical Children's Book, https://magicalchildrensbook.com/",raw/seo_brief_generator_personalize_book_character_2026-06-30.txt
personalize book character,7,"Hooray Heroes - Personalized Books for Kids, Adults & Pets, https://hoorayheroes.com/?srsltid=AfmBOooqxt-sjUROa4suuZb5rgvM3XX4x6Y4qKVZ2RRw7wBBO12Mbjp8",raw/seo_brief_generator_personalize_book_character_2026-06-30.txt
personalize book character,8,"Personalized Books for Kids & Families | NAMEE, https://namee.com/?srsltid=AfmBOoqWFpcMXsqmocZUtwm-AlVqjqOB2FG25yb7ETaeG-dE9zpsVSOT",raw/seo_brief_generator_personalize_book_character_2026-06-30.txt
