rank,domain,visibility,visibility_diff,estimated_traffic,estimated_traffic_diff,keywords,average_position,position_spread,source_file
1,iseeme.com,52.258%,-11.013,89.36,-16.56,18,23.57,± 40.34,raw/position_tracking_competitor_discovery_page_1_2026-07-02.txt
2,wonderbly.com,28.082%,+10.523,42.93,+19.08,18,24.30,± 39.91,raw/position_tracking_competitor_discovery_page_1_2026-07-02.txt
3,storybug.com,26.29%,+3.129,37.23,+5.04,18,24.65,± 39.80,raw/position_tracking_competitor_discovery_page_1_2026-07-02.txt
4,reddit.com,20.6%,+1.159,17.96,+4.40,16,34.39,± 43.51,raw/position_tracking_competitor_discovery_page_1_2026-07-02.txt
5,hoorayheroes.com,18.256%,+5.602,19.50,-2.04,18,26.83,± 38.80,raw/position_tracking_competitor_discovery_page_1_2026-07-02.txt
6,google.com,17.391%,-2.269,11.53,+3.27,4,82.78,± 37.52,raw/position_tracking_competitor_discovery_page_1_2026-07-02.txt
7,amazon.com,15.434%,+0.031,10.00,+1.05,23,9.70,± 6.05,raw/position_tracking_competitor_discovery_page_1_2026-07-02.txt
8,librio.com,15.295%,+4.368,21.93,+7.53,11,54.87,± 47.23,raw/position_tracking_competitor_discovery_page_1_2026-07-02.txt
9,magicalchildrensbook.com,14.25%,+8.737,21.17,+11.62,14,43.91,± 45.18,raw/position_tracking_competitor_discovery_page_1_2026-07-02.txt
10,letterfest.com,12.671%,+0.652,12.54,+0.38,17,33.74,± 39.91,raw/position_tracking_competitor_discovery_page_1_2026-07-02.txt
11,dinkleboo.com,12.452%,-0.248,19.28,-0.30,18,31.87,± 36.31,raw/position_tracking_competitor_discovery_page_1_2026-07-02.txt
12,target.com,9.197%,+4.142,2.36,+1.15,5,80.04,± 37.97,raw/position_tracking_competitor_discovery_page_1_2026-07-02.txt
13,mystorytale.com,8.981%,+3.716,13.75,+7.95,17,33.78,± 39.50,raw/position_tracking_competitor_discovery_page_1_2026-07-02.txt
14,counselorchelsey.com,8.696%,0,0,0,2,91.39,± 27.90,raw/position_tracking_competitor_discovery_page_1_2026-07-02.txt
15,wonderwraps.com,8.576%,+2.815,15.60,+2.68,13,51.83,± 43.36,raw/position_tracking_competitor_discovery_page_1_2026-07-02.txt
16,namee.com,7.723%,+2.742,14.05,+7.53,16,35.96,± 42.45,raw/position_tracking_competitor_discovery_page_1_2026-07-02.txt
17,facebook.com,5.681%,-0.528,1.54,-1.49,5,80.13,± 37.77,raw/position_tracking_competitor_discovery_page_1_2026-07-02.txt
18,leo-books.com,5.506%,+3.995,3.91,+2.15,8,72.78,± 37.99,raw/position_tracking_competitor_discovery_page_1_2026-07-02.txt
19,potterybarnkids.com,5.281%,+3.616,4.49,+2.22,6,77.17,± 38.54,raw/position_tracking_competitor_discovery_page_1_2026-07-02.txt
20,hartsteinpsychological.com,4.802%,-3.894,0,0,2,91.65,± 27.06,raw/position_tracking_competitor_discovery_page_1_2026-07-02.txt
21,readbrightly.com,4.723%,+0.037,0.39,0,5,83.83,± 31.31,raw/position_tracking_competitor_discovery_page_1_2026-07-02.txt
22,quora.com,4.55%,+0.027,0.35,+0.15,3,89.74,± 27.29,raw/position_tracking_competitor_discovery_page_1_2026-07-02.txt
23,ccaeducate.me,4.491%,0,0,0,2,92.04,± 25.88,raw/position_tracking_competitor_discovery_page_1_2026-07-02.txt
24,twinkl.com,4.446%,+0.002,0,0,2,92.65,± 24.19,raw/position_tracking_competitor_discovery_page_1_2026-07-02.txt
25,huffpost.com,4.431%,+4.362,1.33,+1.33,2,92.91,± 23.54,raw/position_tracking_competitor_discovery_page_1_2026-07-02.txt
26,elisabethmcknight.com,4.348%,+4.348,1.33,+1.33,1,95.70,± 20.19,raw/position_tracking_competitor_discovery_page_1_2026-07-02.txt
27,kiddingaroundgreenville.com,4.348%,+4.348,1.33,+1.33,1,95.70,± 20.19,raw/position_tracking_competitor_discovery_page_1_2026-07-02.txt
28,melissaanddoug.com,4.348%,0,1.33,0,1,95.70,± 20.19,raw/position_tracking_competitor_discovery_page_1_2026-07-02.txt
29,mentalhealthcenterkids.com,4.348%,0,0,0,1,95.70,± 20.19,raw/position_tracking_competitor_discovery_page_1_2026-07-02.txt
30,peanutbutterrunner.com,4.348%,+4.222,0.24,+0.24,1,95.70,± 20.19,raw/position_tracking_competitor_discovery_page_1_2026-07-02.txt
31,penguin.com.au,4.348%,0,0,0,1,95.70,± 20.19,raw/position_tracking_competitor_discovery_page_1_2026-07-02.txt
32,proudtobeprimary.com,4.348%,0,0,0,1,95.70,± 20.19,raw/position_tracking_competitor_discovery_page_1_2026-07-02.txt
33,shutterfly.com,4.348%,+4.216,2.55,+2.33,1,95.70,± 20.19,raw/position_tracking_competitor_discovery_page_1_2026-07-02.txt
34,storyjumper.com,4.348%,+4.348,8.74,+8.74,1,95.70,± 20.19,raw/position_tracking_competitor_discovery_page_1_2026-07-02.txt
35,theguardian.com,4.348%,0,0.24,0,1,95.70,± 20.19,raw/position_tracking_competitor_discovery_page_1_2026-07-02.txt
36,themagictoyshop.co.uk,4.348%,+4.348,1.33,+1.33,1,95.70,± 20.19,raw/position_tracking_competitor_discovery_page_1_2026-07-02.txt
37,troomi.com,4.348%,0,0,0,1,95.70,± 20.19,raw/position_tracking_competitor_discovery_page_1_2026-07-02.txt
38,workspaceforchildren.com,4.348%,+3.93,1.33,+1.21,1,95.70,± 20.19,raw/position_tracking_competitor_discovery_page_1_2026-07-02.txt
39,youtube.com,3.081%,-0.346,4.45,-0.42,20,32.61,± 29.09,raw/position_tracking_competitor_discovery_page_1_2026-07-02.txt
40,littletikes.com,2.986%,0,0.54,0,2,91.48,± 27.61,raw/position_tracking_competitor_discovery_page_1_2026-07-02.txt
41,thebump.com,2.606%,-3.131,4.27,-6.79,12,56.09,± 42.70,raw/position_tracking_competitor_discovery_page_1_2026-07-02.txt
42,imagitime.com,2.49%,+0.609,4.03,+0.70,11,58.09,± 43.82,raw/position_tracking_competitor_discovery_page_1_2026-07-02.txt
43,etsy.com,2.484%,-0.971,1.58,-1.34,10,63.43,± 42.16,raw/position_tracking_competitor_discovery_page_1_2026-07-02.txt
44,nytimes.com,2.09%,-3.404,0.96,-1.10,3,87.70,± 31.78,raw/position_tracking_competitor_discovery_page_1_2026-07-02.txt
45,magicstory.com,1.868%,+0.113,2.68,+0.06,11,59.61,± 42.32,raw/position_tracking_competitor_discovery_page_1_2026-07-02.txt
46,mycustomkidsbooks.com,1.786%,+0.182,3.10,+0.34,14,51.52,± 39.01,raw/position_tracking_competitor_discovery_page_1_2026-07-02.txt
47,bibliocommons.com,1.672%,+0.215,0,0,2,91.70,± 26.91,raw/position_tracking_competitor_discovery_page_1_2026-07-02.txt
48,akidsco.com,1.642%,+0.369,0,0,2,92.04,± 25.85,raw/position_tracking_competitor_discovery_page_1_2026-07-02.txt
49,thehighlysensitivechild.com,1.624%,-3.858,0,0,2,91.70,± 26.91,raw/position_tracking_competitor_discovery_page_1_2026-07-02.txt
50,lovebookonline.com,1.616%,-0.368,2.96,-0.11,8,70.78,± 40.16,raw/position_tracking_competitor_discovery_page_1_2026-07-02.txt
51,firstbook.org,1.601%,+0.012,0.13,0,2,92.52,± 24.49,raw/position_tracking_competitor_discovery_page_1_2026-07-02.txt
52,pinterest.com,1.493%,-0.116,1.68,-0.35,10,66.43,± 38.57,raw/position_tracking_competitor_discovery_page_1_2026-07-02.txt
53,kdnovelties.com,1.309%,-0.704,1.60,-1.16,7,74.17,± 39.11,raw/position_tracking_competitor_discovery_page_1_2026-07-02.txt
54,harpercollins.com,1.183%,+0.239,0,0,2,91.83,± 26.49,raw/position_tracking_competitor_discovery_page_1_2026-07-02.txt
55,mymagicstory.com,1.165%,+0.006,2.23,0,10,66.26,± 38.48,raw/position_tracking_competitor_discovery_page_1_2026-07-02.txt
56,mycreateabook.com,1.154%,+0.143,1.90,+0.24,11,65.61,± 36.27,raw/position_tracking_competitor_discovery_page_1_2026-07-02.txt
57,modernnaturalbaby.com,1.135%,0,0.35,0,1,95.78,± 19.78,raw/position_tracking_competitor_discovery_page_1_2026-07-02.txt
58,myadorabook.com,1.097%,+0.102,1.89,+0.24,10,67.74,± 36.98,raw/position_tracking_competitor_discovery_page_1_2026-07-02.txt
59,bookbyyou.com,1.036%,+0.017,2.01,-0.01,9,69.96,± 37.53,raw/position_tracking_competitor_discovery_page_1_2026-07-02.txt
60,forthatoccasion.com,0.999%,+0.191,1.68,+0.34,11,67.96,± 33.66,raw/position_tracking_competitor_discovery_page_1_2026-07-02.txt
61,scribblybooks.com,0.981%,+0.159,1.95,+0.29,10,69.57,± 34.84,raw/position_tracking_competitor_discovery_page_1_2026-07-02.txt
62,lindentreebooks.com,0.944%,0,0,0,1,95.83,± 19.58,raw/position_tracking_competitor_discovery_page_1_2026-07-02.txt
63,littleparachutes.com,0.944%,-0.191,0.08,-0.02,1,95.83,± 19.58,raw/position_tracking_competitor_discovery_page_1_2026-07-02.txt
64,tellinga.com,0.864%,+0.147,1.68,+0.24,9,72.96,± 33.94,raw/position_tracking_competitor_discovery_page_1_2026-07-02.txt
65,scholastic.com,0.824%,-0.356,0.05,-0.03,4,84.87,± 32.99,raw/position_tracking_competitor_discovery_page_1_2026-07-02.txt
66,walmart.com,0.796%,-0.043,1.01,+0.25,9,74.17,± 32.33,raw/position_tracking_competitor_discovery_page_1_2026-07-02.txt
67,fromyoutome.com,0.76%,+0.127,1.60,+0.26,8,76.26,± 32.83,raw/position_tracking_competitor_discovery_page_1_2026-07-02.txt
68,smartkidsplanet.com,0.729%,-0.215,0.04,-0.01,1,95.87,± 19.37,raw/position_tracking_competitor_discovery_page_1_2026-07-02.txt
69,whatdowedoallday.com,0.729%,+0.466,0.06,+0.04,1,95.87,± 19.37,raw/position_tracking_competitor_discovery_page_1_2026-07-02.txt
70,personalizationmall.com,0.706%,-0.699,1.40,-1.25,5,81.87,± 34.41,raw/position_tracking_competitor_discovery_page_1_2026-07-02.txt
71,cadenlane.com,0.694%,-0.956,0.79,-1.95,5,82.00,± 34.17,raw/position_tracking_competitor_discovery_page_1_2026-07-02.txt
72,uncommongoods.com,0.69%,-0.311,0.60,-0.74,5,82.39,± 33.58,raw/position_tracking_competitor_discovery_page_1_2026-07-02.txt
73,lillianvernon.com,0.612%,-1.039,1.02,-1.31,4,85.22,± 32.23,raw/position_tracking_competitor_discovery_page_1_2026-07-02.txt
74,hooray-heroes.ca,0.603%,-0.03,0.71,-0.04,4,85.22,± 32.22,raw/position_tracking_competitor_discovery_page_1_2026-07-02.txt
75,eileenkennedymoore.com,0.597%,+0.012,0,0,2,92.17,± 25.37,raw/position_tracking_competitor_discovery_page_1_2026-07-02.txt
76,customstorybooks.com,0.59%,+0.115,1.17,+0.23,6,81.70,± 30.83,raw/position_tracking_competitor_discovery_page_1_2026-07-02.txt
77,onceuponbooks.com,0.581%,+0.121,0.79,+0.18,6,81.87,± 30.56,raw/position_tracking_competitor_discovery_page_1_2026-07-02.txt
78,cedarfort.com,0.559%,+0.096,1.18,+0.18,6,82.26,± 29.92,raw/position_tracking_competitor_discovery_page_1_2026-07-02.txt
79,playtherapysupply.com,0.557%,-0.1,0,0,2,92.39,± 24.69,raw/position_tracking_competitor_discovery_page_1_2026-07-02.txt
80,alphabet-trains.com,0.549%,+0.041,0.53,+0.07,5,83.70,± 30.94,raw/position_tracking_competitor_discovery_page_1_2026-07-02.txt
81,dadstore.com,0.539%,+0.127,1.08,+0.33,6,82.65,± 29.36,raw/position_tracking_competitor_discovery_page_1_2026-07-02.txt
82,notonthehighstreet.com,0.535%,-0.031,0.59,-0.01,5,83.96,± 30.51,raw/position_tracking_competitor_discovery_page_1_2026-07-02.txt
83,instagram.com,0.524%,-1.016,0.30,-1.64,4,86.04,± 30.49,raw/position_tracking_competitor_discovery_page_1_2026-07-02.txt
84,ourlifehomeschooling.com,0.49%,+0.036,0.04,0,1,95.91,± 19.17,raw/position_tracking_competitor_discovery_page_1_2026-07-02.txt
85,parenthoodadventures.com,0.49%,0,0.15,0,1,95.91,± 19.17,raw/position_tracking_competitor_discovery_page_1_2026-07-02.txt
86,yoursurprise.com,0.49%,-0.665,0,-1.24,1,95.91,± 19.17,raw/position_tracking_competitor_discovery_page_1_2026-07-02.txt
87,storyspark.ai,0.466%,+0.109,1.04,+0.24,5,85.22,± 28.07,raw/position_tracking_competitor_discovery_page_1_2026-07-02.txt
88,ali-ish.com,0.454%,0,0.03,0,1,95.96,± 18.97,raw/position_tracking_competitor_discovery_page_1_2026-07-02.txt
89,libronauts.com,0.447%,-0.053,0.70,-0.09,4,86.83,± 28.73,raw/position_tracking_competitor_discovery_page_1_2026-07-02.txt
90,personalcreations.com,0.431%,-1.074,0.51,-2.00,3,89.04,± 28.29,raw/position_tracking_competitor_discovery_page_1_2026-07-02.txt
91,fatbraintoys.com,0.418%,-4.348,0.02,-1.33,1,96.00,± 18.76,raw/position_tracking_competitor_discovery_page_1_2026-07-02.txt
92,lionstory.com,0.374%,-0.03,0.59,-0.04,3,89.78,± 26.49,raw/position_tracking_competitor_discovery_page_1_2026-07-02.txt
93,justmybook.com,0.368%,+0.019,0.35,+0.02,4,88.26,± 25.68,raw/position_tracking_competitor_discovery_page_1_2026-07-02.txt
94,personalizedkidsbooks.com,0.362%,+0.178,0.83,+0.43,5,87.30,± 24.14,raw/position_tracking_competitor_discovery_page_1_2026-07-02.txt
95,wondeme.com,0.358%,-2.15,0.59,-6.48,1,96.04,± 18.56,raw/position_tracking_competitor_discovery_page_1_2026-07-02.txt
96,mixam.com,0.357%,-0.093,1.14,-0.16,3,89.78,± 26.39,raw/position_tracking_competitor_discovery_page_1_2026-07-02.txt
97,romper.com,0.352%,+0.056,0.64,+0.10,4,88.83,± 24.79,raw/position_tracking_competitor_discovery_page_1_2026-07-02.txt
98,customheroes.ai,0.342%,+0.002,0.03,0,2,93.00,± 22.82,raw/position_tracking_competitor_discovery_page_1_2026-07-02.txt
99,personalizedstories.com,0.328%,+0.195,0.64,+0.39,5,88.26,± 22.30,raw/position_tracking_competitor_discovery_page_1_2026-07-02.txt
100,markandgraham.com,0.317%,-0.965,0.26,-2.07,2,92.52,± 24.23,raw/position_tracking_competitor_discovery_page_1_2026-07-02.txt
101,tinykeepsakes.com,0.313%,-0.002,0.48,-0.01,3,90.52,± 24.48,raw/position_tracking_competitor_discovery_page_2_2026-07-02.txt
102,pygiftsandfavors.com,0.308%,-0.002,0.42,-0.01,3,90.61,± 24.27,raw/position_tracking_competitor_discovery_page_2_2026-07-02.txt
103,nymag.com,0.305%,-0.084,0.06,0,2,92.57,± 24.09,raw/position_tracking_competitor_discovery_page_2_2026-07-02.txt
104,getepic.com,0.299%,-0.012,0.01,0,2,92.70,± 23.69,raw/position_tracking_competitor_discovery_page_2_2026-07-02.txt
105,childrenslibrarylady.com,0.275%,+0.014,0,0,2,92.83,± 23.27,raw/position_tracking_competitor_discovery_page_2_2026-07-02.txt
106,babygiftusa.com,0.272%,+0.012,0.37,+0.02,3,91.26,± 22.57,raw/position_tracking_competitor_discovery_page_2_2026-07-02.txt
107,lifewithheidi.com,0.272%,+0.129,0.45,+0.21,2,92.87,± 23.14,raw/position_tracking_competitor_discovery_page_2_2026-07-02.txt
108,goodhousekeeping.com,0.269%,-0.021,0.05,0,2,92.87,± 23.12,raw/position_tracking_competitor_discovery_page_2_2026-07-02.txt
109,eatplaysay.com,0.266%,-4.213,0.05,-1.29,2,92.91,± 22.96,raw/position_tracking_competitor_discovery_page_2_2026-07-02.txt
110,audible.com,0.263%,-0.072,0,0,1,96.09,± 18.35,raw/position_tracking_competitor_discovery_page_2_2026-07-02.txt
111,bookshop.org,0.263%,+0.07,0.02,+0.01,1,96.09,± 18.35,raw/position_tracking_competitor_discovery_page_2_2026-07-02.txt
112,danielle-moss.com,0.263%,0,0.04,0,2,93.04,± 22.61,raw/position_tracking_competitor_discovery_page_2_2026-07-02.txt
113,journeyofparenthood.com,0.256%,+0.007,0.05,0,2,93.04,± 22.57,raw/position_tracking_competitor_discovery_page_2_2026-07-02.txt
114,penguinrandomhouse.com,0.242%,+0.008,0.01,0,2,93.13,± 22.26,raw/position_tracking_competitor_discovery_page_2_2026-07-02.txt
115,pjlibrary.org,0.239%,0,0.02,0,1,96.13,± 18.15,raw/position_tracking_competitor_discovery_page_2_2026-07-02.txt
116,simpleeverydaymom.com,0.239%,-0.119,0.32,-0.16,1,96.13,± 18.15,raw/position_tracking_competitor_discovery_page_2_2026-07-02.txt
117,tenlittle.com,0.239%,+0.184,0.07,+0.07,1,96.13,± 18.15,raw/position_tracking_competitor_discovery_page_2_2026-07-02.txt
118,kidteller.com,0.239%,+0.007,0.09,0,2,93.30,± 21.77,raw/position_tracking_competitor_discovery_page_2_2026-07-02.txt
119,pebblesandpen.com,0.234%,+0.049,0.34,+0.06,3,92.00,± 20.71,raw/position_tracking_competitor_discovery_page_2_2026-07-02.txt
120,crazylittlebooks.com,0.233%,+0.016,0.08,0,2,93.52,± 21.22,raw/position_tracking_competitor_discovery_page_2_2026-07-02.txt
121,tinybeans.com,0.231%,+0.024,0.03,0,3,92.30,± 20.19,raw/position_tracking_competitor_discovery_page_2_2026-07-02.txt
122,bushelandpeckbooks.com,0.229%,+0.005,0.26,+0.01,2,93.30,± 21.70,raw/position_tracking_competitor_discovery_page_2_2026-07-02.txt
123,franchisedirect.com,0.229%,+0.051,0.56,+0.13,3,92.04,± 20.56,raw/position_tracking_competitor_discovery_page_2_2026-07-02.txt
124,unlimitedtales.com,0.222%,+0.014,0.50,+0.03,2,93.43,± 21.27,raw/position_tracking_competitor_discovery_page_2_2026-07-02.txt
125,shopmy.us,0.221%,+0.113,0.36,+0.19,3,92.26,± 20.00,raw/position_tracking_competitor_discovery_page_2_2026-07-02.txt
126,nooksy.co,0.22%,+0.007,0.01,0,2,93.48,± 21.13,raw/position_tracking_competitor_discovery_page_2_2026-07-02.txt
127,sanfordhealth.org,0.215%,+0.012,0,0,2,93.57,± 20.85,raw/position_tracking_competitor_discovery_page_2_2026-07-02.txt
128,magicpicturestory.com,0.213%,+0.033,0.23,+0.04,2,93.61,± 20.71,raw/position_tracking_competitor_discovery_page_2_2026-07-02.txt
129,dosaygive.com,0.21%,-4.224,0.04,-1.30,2,93.65,± 20.65,raw/position_tracking_competitor_discovery_page_2_2026-07-02.txt
130,plumemalice.com,0.208%,-0.005,0.17,0,2,93.70,± 20.43,raw/position_tracking_competitor_discovery_page_2_2026-07-02.txt
131,firsttimebooks.com,0.203%,+0.019,0.37,+0.04,2,93.78,± 20.15,raw/position_tracking_competitor_discovery_page_2_2026-07-02.txt
132,onespecialsong.com,0.203%,+0.007,0.04,0,2,93.78,± 20.17,raw/position_tracking_competitor_discovery_page_2_2026-07-02.txt
133,themontessoriroom.com,0.196%,+0.017,0.03,0,2,93.91,± 19.73,raw/position_tracking_competitor_discovery_page_2_2026-07-02.txt
134,thriftbooks.com,0.194%,+0.021,0,0,2,93.96,± 19.61,raw/position_tracking_competitor_discovery_page_2_2026-07-02.txt
135,magicalhekaya.com,0.191%,+0.005,0.22,+0.01,2,94.00,± 19.44,raw/position_tracking_competitor_discovery_page_2_2026-07-02.txt
136,personalizedtale.com,0.184%,+0.044,0.20,+0.05,2,94.13,± 19.02,raw/position_tracking_competitor_discovery_page_2_2026-07-02.txt
137,bravebooks.us,0.179%,-0.311,0.02,-0.03,1,96.17,± 17.95,raw/position_tracking_competitor_discovery_page_2_2026-07-02.txt
138,duncanandstone.com,0.179%,+0.012,0.14,+0.01,2,94.22,± 18.74,raw/position_tracking_competitor_discovery_page_2_2026-07-02.txt
139,storystarsbook.com,0.179%,+0.024,0.30,+0.04,1,96.17,± 17.95,raw/position_tracking_competitor_discovery_page_2_2026-07-02.txt
140,tailorbooks.com,0.177%,+0.044,0.18,+0.05,2,94.26,± 18.63,raw/position_tracking_competitor_discovery_page_2_2026-07-02.txt
141,alnooruniversity.com,0.172%,+0.017,0.28,+0.03,2,94.35,± 18.32,raw/position_tracking_competitor_discovery_page_2_2026-07-02.txt
142,happyegg.com,0.165%,+0.018,0,0,2,94.48,± 17.90,raw/position_tracking_competitor_discovery_page_2_2026-07-02.txt
143,therainbowstories.com,0.165%,+0.053,0.62,+0.18,2,94.48,± 17.92,raw/position_tracking_competitor_discovery_page_2_2026-07-02.txt
144,cubbyathome.com,0.164%,+0.019,0.03,0,2,94.65,± 17.55,raw/position_tracking_competitor_discovery_page_2_2026-07-02.txt
145,dandelion-seeds.com,0.162%,+0.014,0,0,2,94.52,± 17.79,raw/position_tracking_competitor_discovery_page_2_2026-07-02.txt
146,today.com,0.162%,+0.017,0.03,0,2,94.52,± 17.77,raw/position_tracking_competitor_discovery_page_2_2026-07-02.txt
147,bookavatar.com,0.16%,+0.02,0.26,+0.03,2,94.57,± 17.62,raw/position_tracking_competitor_discovery_page_2_2026-07-02.txt
148,everydaybestbuy.com,0.16%,+0.018,0.03,0,2,94.57,± 17.61,raw/position_tracking_competitor_discovery_page_2_2026-07-02.txt
149,duckduckstory.com,0.159%,+0.041,0.16,+0.04,2,94.61,± 17.51,raw/position_tracking_competitor_discovery_page_2_2026-07-02.txt
150,growingbookbybook.com,0.155%,-0.012,0.01,0,1,96.26,± 17.54,raw/position_tracking_competitor_discovery_page_2_2026-07-02.txt
151,mumablue.com,0.155%,-0.084,0,0,1,96.26,± 17.54,raw/position_tracking_competitor_discovery_page_2_2026-07-02.txt
152,zingygifts.com,0.155%,+0.006,0.02,0,1,96.26,± 17.54,raw/position_tracking_competitor_discovery_page_2_2026-07-02.txt
153,babycenter.com.au,0.149%,-0.018,0,0,1,96.30,± 17.33,raw/position_tracking_competitor_discovery_page_2_2026-07-02.txt
154,kidscustombook.com,0.149%,+0.06,0.17,+0.07,2,94.83,± 16.80,raw/position_tracking_competitor_discovery_page_2_2026-07-02.txt
155,kristinenannini.com,0.149%,-0.006,0.01,0,1,96.30,± 17.33,raw/position_tracking_competitor_discovery_page_2_2026-07-02.txt
156,penguin.co.uk,0.149%,+0.011,0,0,1,96.30,± 17.33,raw/position_tracking_competitor_discovery_page_2_2026-07-02.txt
157,lovereading4kids.co.uk,0.148%,-2.256,0,-6.68,2,94.78,± 16.91,raw/position_tracking_competitor_discovery_page_2_2026-07-02.txt
158,the-independent.com,0.146%,+0.019,0.03,0,2,95.13,± 16.11,raw/position_tracking_competitor_discovery_page_2_2026-07-02.txt
159,fargomom.com,0.145%,+0.016,0,0,2,94.96,± 16.39,raw/position_tracking_competitor_discovery_page_2_2026-07-02.txt
160,meaningfulmama.com,0.143%,+0.005,0.01,0,1,96.35,± 17.13,raw/position_tracking_competitor_discovery_page_2_2026-07-02.txt
161,mymagicname.com,0.143%,+0.012,0.02,0,1,96.35,± 17.13,raw/position_tracking_competitor_discovery_page_2_2026-07-02.txt
162,popsugar.com,0.141%,+0.031,0.14,+0.04,2,95.13,± 15.91,raw/position_tracking_competitor_discovery_page_2_2026-07-02.txt
163,hoorayheroes.com.au,0.14%,+0.047,0.12,+0.05,2,95.00,± 16.20,raw/position_tracking_competitor_discovery_page_2_2026-07-02.txt
164,collegeconfidential.com,0.139%,+0.004,0.04,0,1,96.39,± 16.93,raw/position_tracking_competitor_discovery_page_2_2026-07-02.txt
165,mommypoppins.com,0.139%,-0.005,0.01,0,1,96.39,± 16.93,raw/position_tracking_competitor_discovery_page_2_2026-07-02.txt
166,rebekahgienapp.com,0.139%,-0.005,0.01,0,1,96.39,± 16.93,raw/position_tracking_competitor_discovery_page_2_2026-07-02.txt
167,davidjones.com,0.135%,+0.014,0.02,0,2,95.17,± 15.64,raw/position_tracking_competitor_discovery_page_2_2026-07-02.txt
168,fromabirdie.com,0.135%,0,0.22,0,1,96.43,± 16.72,raw/position_tracking_competitor_discovery_page_2_2026-07-02.txt
169,hachettebookgroup.com,0.135%,+0.004,0,0,1,96.43,± 16.72,raw/position_tracking_competitor_discovery_page_2_2026-07-02.txt
170,ohmyname.net,0.135%,+0.01,0.02,0,1,96.43,± 16.72,raw/position_tracking_competitor_discovery_page_2_2026-07-02.txt
171,pintsizeproductions.com,0.135%,0,0.10,0,1,96.43,± 16.72,raw/position_tracking_competitor_discovery_page_2_2026-07-02.txt
172,rinkydinkmum.com,0.135%,0,0.01,0,1,96.43,± 16.72,raw/position_tracking_competitor_discovery_page_2_2026-07-02.txt
173,glamour.com,0.134%,+0.014,0.02,0,2,95.22,± 15.50,raw/position_tracking_competitor_discovery_page_2_2026-07-02.txt
174,theeverymom.com,0.133%,+0.019,0.02,0,2,95.39,± 15.17,raw/position_tracking_competitor_discovery_page_2_2026-07-02.txt
175,bookriot.com,0.131%,0,0.01,0,1,96.48,± 16.52,raw/position_tracking_competitor_discovery_page_2_2026-07-02.txt
176,imaginationunlimitedtoys.com,0.131%,+0.012,0.01,0,1,96.48,± 16.52,raw/position_tracking_competitor_discovery_page_2_2026-07-02.txt
177,riseabovetreatmentcenter.org,0.131%,+0.006,0,0,1,96.48,± 16.52,raw/position_tracking_competitor_discovery_page_2_2026-07-02.txt
178,storytimehero.ai,0.131%,+0.131,0,0,1,96.48,± 16.52,raw/position_tracking_competitor_discovery_page_2_2026-07-02.txt
179,bestproducts.com,0.128%,+0.016,0.02,0,2,95.43,± 14.88,raw/position_tracking_competitor_discovery_page_2_2026-07-02.txt
180,chatbooks.com,0.125%,+0.006,0,0,1,96.52,± 16.31,raw/position_tracking_competitor_discovery_page_2_2026-07-02.txt
181,goodreads.com,0.125%,-0.225,0,-0.01,1,96.52,± 16.31,raw/position_tracking_competitor_discovery_page_2_2026-07-02.txt
182,kidsbookcafe.com,0.125%,0,0.09,0,1,96.52,± 16.31,raw/position_tracking_competitor_discovery_page_2_2026-07-02.txt
183,thrivinghomeblog.com,0.125%,-0.233,0.04,-0.07,1,96.52,± 16.31,raw/position_tracking_competitor_discovery_page_2_2026-07-02.txt
184,tototale.com,0.125%,+0.008,0.01,0,1,96.52,± 16.31,raw/position_tracking_competitor_discovery_page_2_2026-07-02.txt
185,csmonitor.com,0.119%,+0.002,0.01,0,1,96.57,± 16.11,raw/position_tracking_competitor_discovery_page_2_2026-07-02.txt
186,dinkleboo.com.au,0.119%,-0.06,0.01,-0.01,1,96.57,± 16.11,raw/position_tracking_competitor_discovery_page_2_2026-07-02.txt
187,noveleffect.com,0.119%,+0.005,0,0,1,96.57,± 16.11,raw/position_tracking_competitor_discovery_page_2_2026-07-02.txt
188,lieslfrank.com.au,0.118%,+0.013,0,0,2,95.78,± 13.76,raw/position_tracking_competitor_discovery_page_2_2026-07-02.txt
189,artkiveapp.com,0.117%,-0.018,0,0,1,96.61,± 15.91,raw/position_tracking_competitor_discovery_page_2_2026-07-02.txt
190,formylittleone.store,0.117%,0,0.08,0,1,96.61,± 15.91,raw/position_tracking_competitor_discovery_page_2_2026-07-02.txt
191,livmcleanbooks.com,0.117%,+0.002,0.01,0,1,96.61,± 15.91,raw/position_tracking_competitor_discovery_page_2_2026-07-02.txt
192,wakeforestpediatrics.com,0.117%,+0.005,0,0,1,96.61,± 15.91,raw/position_tracking_competitor_discovery_page_2_2026-07-02.txt
193,gostudent.org,0.115%,+0.002,0,0,1,96.65,± 15.70,raw/position_tracking_competitor_discovery_page_2_2026-07-02.txt
194,montclareschool.org,0.115%,+0.007,0,0,1,96.65,± 15.70,raw/position_tracking_competitor_discovery_page_2_2026-07-02.txt
195,stareworthy.com,0.115%,+0.01,0.23,+0.02,1,96.65,± 15.70,raw/position_tracking_competitor_discovery_page_2_2026-07-02.txt
196,storycrestbooks.com,0.115%,0,0.08,0,1,96.65,± 15.70,raw/position_tracking_competitor_discovery_page_2_2026-07-02.txt
197,wonderfilleddays.com,0.115%,+0.002,0.01,0,1,96.65,± 15.70,raw/position_tracking_competitor_discovery_page_2_2026-07-02.txt
198,fromlucy.com,0.112%,-0.007,0,0,1,96.70,± 15.50,raw/position_tracking_competitor_discovery_page_2_2026-07-02.txt
199,mothermag.com,0.112%,+0.01,0,0,1,96.70,± 15.50,raw/position_tracking_competitor_discovery_page_2_2026-07-02.txt
200,mykidsdream.com,0.112%,0,0.08,0,1,96.70,± 15.50,raw/position_tracking_competitor_discovery_page_2_2026-07-02.txt
201,nhaschools.com,0.112%,+0.002,0.01,0,1,96.70,± 15.50,raw/position_tracking_competitor_discovery_page_3_2026-07-02.txt
202,planetspark.in,0.112%,+0.002,0,0,1,96.70,± 15.50,raw/position_tracking_competitor_discovery_page_3_2026-07-02.txt
203,bigwphotos.com.au,0.11%,+0.002,0.15,0,1,96.74,± 15.29,raw/position_tracking_competitor_discovery_page_3_2026-07-02.txt
204,manimaltales.com,0.11%,+0.002,0.18,0,1,96.74,± 15.29,raw/position_tracking_competitor_discovery_page_3_2026-07-02.txt
205,polkadotprintshop.com,0.11%,+0.002,0.18,0,1,96.74,± 15.29,raw/position_tracking_competitor_discovery_page_3_2026-07-02.txt
206,tellmytale.com,0.11%,0,0.01,0,1,96.74,± 15.29,raw/position_tracking_competitor_discovery_page_3_2026-07-02.txt
207,theeducatorsspinonit.com,0.11%,+0.007,0.01,0,1,96.74,± 15.29,raw/position_tracking_competitor_discovery_page_3_2026-07-02.txt
208,boystownpress.org,0.107%,+0.002,0,0,1,96.78,± 15.09,raw/position_tracking_competitor_discovery_page_3_2026-07-02.txt
209,lkbunting.com,0.107%,0,0.01,0,1,96.78,± 15.09,raw/position_tracking_competitor_discovery_page_3_2026-07-02.txt
210,thebookofsprout.com,0.107%,+0.005,0.01,0,1,96.78,± 15.09,raw/position_tracking_competitor_discovery_page_3_2026-07-02.txt
211,elfink.com,0.105%,0,0.08,0,1,96.83,± 14.89,raw/position_tracking_competitor_discovery_page_3_2026-07-02.txt
212,forbes.com,0.105%,+0.007,0.01,0,1,96.83,± 14.89,raw/position_tracking_competitor_discovery_page_3_2026-07-02.txt
213,ponycycle.com,0.105%,+0.005,0.03,0,1,96.83,± 14.89,raw/position_tracking_competitor_discovery_page_3_2026-07-02.txt
214,storykeeper.com,0.105%,-0.002,0,0,1,96.83,± 14.89,raw/position_tracking_competitor_discovery_page_3_2026-07-02.txt
215,happilyeverelephants.com,0.105%,+0.016,0,0,2,96.26,± 12.13,raw/position_tracking_competitor_discovery_page_3_2026-07-02.txt
216,birthdayalchemy.com,0.103%,+0.005,0.03,0,1,96.87,± 14.68,raw/position_tracking_competitor_discovery_page_3_2026-07-02.txt
217,borngifted.co.uk,0.103%,0,0.01,0,1,96.87,± 14.68,raw/position_tracking_competitor_discovery_page_3_2026-07-02.txt
218,geniusmind.sg,0.103%,+0.002,0,0,1,96.87,± 14.68,raw/position_tracking_competitor_discovery_page_3_2026-07-02.txt
219,storytel.com,0.103%,+0.014,0,0,1,96.87,± 14.68,raw/position_tracking_competitor_discovery_page_3_2026-07-02.txt
220,614mom.com,0.1%,+0.005,0.01,0,1,96.91,± 14.48,raw/position_tracking_competitor_discovery_page_3_2026-07-02.txt
221,fabelyn.com,0.1%,0,0.01,0,1,96.91,± 14.48,raw/position_tracking_competitor_discovery_page_3_2026-07-02.txt
222,readings.com.au,0.1%,+0.014,0,0,1,96.91,± 14.48,raw/position_tracking_competitor_discovery_page_3_2026-07-02.txt
223,thelifescript.com,0.1%,+0.002,0,0,1,96.91,± 14.48,raw/position_tracking_competitor_discovery_page_3_2026-07-02.txt
224,heartandmindteaching.com,0.099%,+0.018,0,0,2,96.48,± 11.46,raw/position_tracking_competitor_discovery_page_3_2026-07-02.txt
225,pinholepress.com,0.098%,+0.019,0.24,+0.05,1,96.96,± 14.28,raw/position_tracking_competitor_discovery_page_3_2026-07-02.txt
226,playgiftguide.com,0.098%,+0.01,0.01,0,1,96.96,± 14.28,raw/position_tracking_competitor_discovery_page_3_2026-07-02.txt
227,simplelivingmama.com,0.098%,+0.005,0.01,0,1,96.96,± 14.28,raw/position_tracking_competitor_discovery_page_3_2026-07-02.txt
228,weareteachers.com,0.098%,+0.031,0.01,0,1,96.96,± 14.28,raw/position_tracking_competitor_discovery_page_3_2026-07-02.txt
229,epictales.ai,0.096%,+0.005,0.07,0,1,97.00,± 14.07,raw/position_tracking_competitor_discovery_page_3_2026-07-02.txt
230,flockedstory.com,0.096%,+0.005,0,0,1,97.00,± 14.07,raw/position_tracking_competitor_discovery_page_3_2026-07-02.txt
231,roleplaykids.com,0.096%,+0.01,0.01,0,1,97.00,± 14.07,raw/position_tracking_competitor_discovery_page_3_2026-07-02.txt
232,stemtoyguide.com,0.096%,+0.007,0.03,0,1,97.00,± 14.07,raw/position_tracking_competitor_discovery_page_3_2026-07-02.txt
233,bookemon.com,0.093%,+0.012,0.49,+0.06,1,97.04,± 13.87,raw/position_tracking_competitor_discovery_page_3_2026-07-02.txt
234,laurathexplaura.com,0.093%,+0.005,0.01,0,1,97.04,± 13.87,raw/position_tracking_competitor_discovery_page_3_2026-07-02.txt
235,namasteinschool.ca,0.093%,+0.014,0,0,1,97.04,± 13.87,raw/position_tracking_competitor_discovery_page_3_2026-07-02.txt
236,joyandchaosshop.com,0.091%,+0.007,0.01,0,1,97.09,± 13.66,raw/position_tracking_competitor_discovery_page_3_2026-07-02.txt
237,lolaandgold.com,0.091%,+0.01,0.01,0,1,97.09,± 13.66,raw/position_tracking_competitor_discovery_page_3_2026-07-02.txt
238,pragmaticmom.com,0.091%,+0.014,0,0,1,97.09,± 13.66,raw/position_tracking_competitor_discovery_page_3_2026-07-02.txt
239,hemibooks.com,0.09%,+0.047,0,0,2,96.83,± 10.29,raw/position_tracking_competitor_discovery_page_3_2026-07-02.txt
240,mommyedition.com,0.09%,+0.019,0,0,2,96.83,± 10.46,raw/position_tracking_competitor_discovery_page_3_2026-07-02.txt
241,alldonemonkey.com,0.088%,+0.005,0.01,0,1,97.13,± 13.46,raw/position_tracking_competitor_discovery_page_3_2026-07-02.txt
242,jjgiftbooks.com,0.088%,+0.012,0,0,1,97.13,± 13.46,raw/position_tracking_competitor_discovery_page_3_2026-07-02.txt
243,lovetoread.ai,0.088%,-0.079,0.15,+0.01,1,97.13,± 13.46,raw/position_tracking_competitor_discovery_page_3_2026-07-02.txt
244,mamameganallysa.com,0.088%,+0.007,0.03,0,1,97.13,± 13.46,raw/position_tracking_competitor_discovery_page_3_2026-07-02.txt
245,readhowyouwant.com,0.088%,+0.014,0,0,1,97.13,± 13.46,raw/position_tracking_competitor_discovery_page_3_2026-07-02.txt
246,shrivelandrivingschool.com,0.088%,+0.01,0.15,+0.02,1,97.13,± 13.46,raw/position_tracking_competitor_discovery_page_3_2026-07-02.txt
247,la-redo.net,0.086%,+0.01,0.01,0,1,97.17,± 13.26,raw/position_tracking_competitor_discovery_page_3_2026-07-02.txt
248,mystoryland.com,0.086%,+0.02,0.02,0,1,97.17,± 13.26,raw/position_tracking_competitor_discovery_page_3_2026-07-02.txt
249,bookstr.com,0.084%,+0.007,0,0,1,97.22,± 13.05,raw/position_tracking_competitor_discovery_page_3_2026-07-02.txt
250,cannapartement.com,0.084%,+0.01,0.01,0,1,97.22,± 13.05,raw/position_tracking_competitor_discovery_page_3_2026-07-02.txt
251,homeschoolnewbie.com,0.084%,+0.013,0,0,1,97.22,± 13.05,raw/position_tracking_competitor_discovery_page_3_2026-07-02.txt
252,lovevery.com,0.084%,+0.01,0.03,0,1,97.22,± 13.05,raw/position_tracking_competitor_discovery_page_3_2026-07-02.txt
253,tarheelstateteacher.com,0.084%,+0.007,0.01,0,1,97.22,± 13.05,raw/position_tracking_competitor_discovery_page_3_2026-07-02.txt
254,cypresscollege-bookstore.com,0.081%,+0.031,0,0,2,97.13,± 9.52,raw/position_tracking_competitor_discovery_page_3_2026-07-02.txt
255,carrotsareorange.com,0.081%,+0.007,0.01,0,1,97.26,± 12.85,raw/position_tracking_competitor_discovery_page_3_2026-07-02.txt
256,dreamdraft.xyz,0.081%,+0.01,0.06,+0.01,1,97.26,± 12.85,raw/position_tracking_competitor_discovery_page_3_2026-07-02.txt
257,swagify.com,0.081%,+0.011,0.13,+0.02,1,97.26,± 12.85,raw/position_tracking_competitor_discovery_page_3_2026-07-02.txt
258,kiddometer.com,0.079%,+0.031,0,0,2,97.22,± 9.25,raw/position_tracking_competitor_discovery_page_3_2026-07-02.txt
259,personalizedinthesouth.com,0.079%,+0.011,0.13,+0.02,1,97.30,± 12.64,raw/position_tracking_competitor_discovery_page_3_2026-07-02.txt
260,thisismystorytime.com,0.079%,+0.008,0.06,+0.01,1,97.30,± 12.64,raw/position_tracking_competitor_discovery_page_3_2026-07-02.txt
261,chaucersbooks.com,0.076%,+0.006,0.01,0,1,97.35,± 12.44,raw/position_tracking_competitor_discovery_page_3_2026-07-02.txt
262,cocoscaravan.com,0.076%,+0.008,0.02,0,1,97.35,± 12.44,raw/position_tracking_competitor_discovery_page_3_2026-07-02.txt
263,crayonmagics.com,0.076%,+0.007,0.06,+0.01,1,97.35,± 12.44,raw/position_tracking_competitor_discovery_page_3_2026-07-02.txt
264,make.com,0.076%,+0.013,0.04,+0.01,1,97.35,± 12.44,raw/position_tracking_competitor_discovery_page_3_2026-07-02.txt
265,momsandcrafters.com,0.076%,+0.007,0,0,1,97.35,± 12.44,raw/position_tracking_competitor_discovery_page_3_2026-07-02.txt
266,kidvive.com,0.074%,+0.006,0.05,0,1,97.39,± 12.24,raw/position_tracking_competitor_discovery_page_3_2026-07-02.txt
267,storiesbystorie.com,0.074%,+0.005,0.01,0,1,97.39,± 12.24,raw/position_tracking_competitor_discovery_page_3_2026-07-02.txt
268,storyink.ai,0.074%,+0.013,0,0,1,97.39,± 12.24,raw/position_tracking_competitor_discovery_page_3_2026-07-02.txt
269,bookroo.com,0.072%,+0.004,0.01,0,1,97.43,± 12.03,raw/position_tracking_competitor_discovery_page_3_2026-07-02.txt
270,coolmompicks.com,0.072%,+0.006,0.02,0,1,97.43,± 12.03,raw/position_tracking_competitor_discovery_page_3_2026-07-02.txt
271,createbookai.com,0.072%,+0.012,0,0,1,97.43,± 12.03,raw/position_tracking_competitor_discovery_page_3_2026-07-02.txt
272,nationaltoday.com,0.072%,+0.005,0,0,1,97.43,± 12.03,raw/position_tracking_competitor_discovery_page_3_2026-07-02.txt
273,thisiswhyimbroke.com,0.072%,+0.021,0.14,+0.04,1,97.43,± 12.03,raw/position_tracking_competitor_discovery_page_3_2026-07-02.txt
274,picturebookbrain.com,0.07%,+0.004,0.01,0,1,97.48,± 11.83,raw/position_tracking_competitor_discovery_page_3_2026-07-02.txt
275,toddlerapproved.com,0.07%,+0.006,0.02,0,1,97.48,± 11.83,raw/position_tracking_competitor_discovery_page_3_2026-07-02.txt
276,whitney-caves.com,0.07%,+0.007,0,0,1,97.48,± 11.83,raw/position_tracking_competitor_discovery_page_3_2026-07-02.txt
277,hurraheroes.com,0.069%,+0.016,0.05,+0.01,1,97.52,± 11.62,raw/position_tracking_competitor_discovery_page_3_2026-07-02.txt
278,madeformums.com,0.069%,+0.006,0.02,0,1,97.52,± 11.62,raw/position_tracking_competitor_discovery_page_3_2026-07-02.txt
279,mrswillskindergarten.com,0.069%,+0.004,0.01,0,1,97.52,± 11.62,raw/position_tracking_competitor_discovery_page_3_2026-07-02.txt
280,storylykids.com,0.069%,+0.029,0.14,+0.06,1,97.52,± 11.62,raw/position_tracking_competitor_discovery_page_3_2026-07-02.txt
281,babycenter.ca,0.068%,+0.026,0.36,+0.14,1,97.57,± 11.42,raw/position_tracking_competitor_discovery_page_3_2026-07-02.txt
282,lulustories.com,0.068%,+0.019,0,0,1,97.57,± 11.42,raw/position_tracking_competitor_discovery_page_3_2026-07-02.txt
283,nookliving.net,0.068%,+0.004,0,0,1,97.57,± 11.42,raw/position_tracking_competitor_discovery_page_3_2026-07-02.txt
284,nurtureandthriveblog.com,0.068%,+0.004,0.01,0,1,97.57,± 11.42,raw/position_tracking_competitor_discovery_page_3_2026-07-02.txt
285,welovedearly.com,0.068%,+0.006,0,0,1,97.57,± 11.42,raw/position_tracking_competitor_discovery_page_3_2026-07-02.txt
286,buzzfeed.com,0.067%,+0.006,0,0,1,97.61,± 11.22,raw/position_tracking_competitor_discovery_page_3_2026-07-02.txt
287,joandtula.com,0.067%,+0.004,0.01,0,1,97.61,± 11.22,raw/position_tracking_competitor_discovery_page_3_2026-07-02.txt
288,penguingallery.com,0.067%,+0.005,0,0,1,97.61,± 11.22,raw/position_tracking_competitor_discovery_page_3_2026-07-02.txt
289,storiesmagic.com,0.067%,+0.035,0.13,+0.07,1,97.61,± 11.22,raw/position_tracking_competitor_discovery_page_3_2026-07-02.txt
290,theomorose.com,0.067%,+0.029,0.01,+0.01,1,97.61,± 11.22,raw/position_tracking_competitor_discovery_page_3_2026-07-02.txt
291,imaginationsoup.net,0.066%,+0.004,0.01,0,1,97.65,± 11.01,raw/position_tracking_competitor_discovery_page_3_2026-07-02.txt
292,topbooklist.org,0.066%,+0.019,0,0,1,97.65,± 11.01,raw/position_tracking_competitor_discovery_page_3_2026-07-02.txt
293,hoorayheroes.co.uk,0.065%,+0.023,0,0,1,97.70,± 10.81,raw/position_tracking_competitor_discovery_page_3_2026-07-02.txt
294,mypursestrings.com,0.065%,+0.005,0,0,1,97.70,± 10.81,raw/position_tracking_competitor_discovery_page_3_2026-07-02.txt
295,simonandschuster.com,0.065%,+0.008,0,0,1,97.70,± 10.81,raw/position_tracking_competitor_discovery_page_3_2026-07-02.txt
296,bennettsbookreviews.com,0.063%,+0.005,0,0,1,97.74,± 10.60,raw/position_tracking_competitor_discovery_page_3_2026-07-02.txt
297,perfectgift.com,0.063%,+0.007,0,0,1,97.74,± 10.60,raw/position_tracking_competitor_discovery_page_3_2026-07-02.txt
298,savvymom.ca,0.063%,+0.004,0.01,0,1,97.74,± 10.60,raw/position_tracking_competitor_discovery_page_3_2026-07-02.txt
299,bestbuy.com,0.062%,+0.008,0,0,1,97.78,± 10.40,raw/position_tracking_competitor_discovery_page_3_2026-07-02.txt
300,habausa.com,0.062%,+0.011,0.02,0,1,97.78,± 10.40,raw/position_tracking_competitor_discovery_page_3_2026-07-02.txt
301,illustratedministry.com,0.062%,+0.008,0,0,1,97.78,± 10.40,raw/position_tracking_competitor_discovery_page_4_2026-07-02.txt
302,lisayelon.com,0.062%,+0.005,0.01,0,1,97.78,± 10.40,raw/position_tracking_competitor_discovery_page_4_2026-07-02.txt
303,personalizedbooksbymickey.com,0.062%,+0.016,0.10,+0.03,1,97.78,± 10.40,raw/position_tracking_competitor_discovery_page_4_2026-07-02.txt
304,mommyshorts.com,0.061%,+0.005,0.01,0,1,97.83,± 10.20,raw/position_tracking_competitor_discovery_page_4_2026-07-02.txt
305,parent.com,0.061%,+0.008,0,0,1,97.83,± 10.20,raw/position_tracking_competitor_discovery_page_4_2026-07-02.txt
306,storybooksforyou.com,0.061%,+0.016,0.10,+0.03,1,97.83,± 10.20,raw/position_tracking_competitor_discovery_page_4_2026-07-02.txt
307,ddh-shop.com,0.06%,+0.006,0,0,1,97.87,± 9.99,raw/position_tracking_competitor_discovery_page_4_2026-07-02.txt
308,veryspecialtales.com,0.06%,+0.008,0,0,1,97.87,± 9.99,raw/position_tracking_competitor_discovery_page_4_2026-07-02.txt
309,babycenter.com,0.059%,+0.011,0.02,0,1,97.91,± 9.79,raw/position_tracking_competitor_discovery_page_4_2026-07-02.txt
310,strongnations.com,0.059%,+0.008,0,0,1,97.91,± 9.79,raw/position_tracking_competitor_discovery_page_4_2026-07-02.txt
311,surprisecastle.com,0.059%,+0.006,0,0,1,97.91,± 9.79,raw/position_tracking_competitor_discovery_page_4_2026-07-02.txt
312,tinyteachingshack.com,0.059%,+0.006,0,0,1,97.91,± 9.79,raw/position_tracking_competitor_discovery_page_4_2026-07-02.txt
313,womansday.com,0.059%,+0.011,0,0,1,97.91,± 9.79,raw/position_tracking_competitor_discovery_page_4_2026-07-02.txt
314,easons.com,0.057%,+0.008,0,0,1,97.96,± 9.58,raw/position_tracking_competitor_discovery_page_4_2026-07-02.txt
315,thekidlitmama.com,0.057%,+0.006,0,0,1,97.96,± 9.58,raw/position_tracking_competitor_discovery_page_4_2026-07-02.txt
316,firefliesandmudpies.com,0.056%,+0.006,0,0,1,98.00,± 9.38,raw/position_tracking_competitor_discovery_page_4_2026-07-02.txt
317,homefaithfamily.com,0.055%,+0.006,0,0,1,98.04,± 9.18,raw/position_tracking_competitor_discovery_page_4_2026-07-02.txt
318,parents.com,0.055%,+0.011,0.02,0,1,98.04,± 9.18,raw/position_tracking_competitor_discovery_page_4_2026-07-02.txt
319,cafemom.com,0.053%,+0.011,0.02,0,1,98.13,± 8.77,raw/position_tracking_competitor_discovery_page_4_2026-07-02.txt
320,countryliving.com,0.053%,+0.012,0,0,1,98.13,± 8.77,raw/position_tracking_competitor_discovery_page_4_2026-07-02.txt
321,positiveleepeilin.com,0.053%,+0.007,0,0,1,98.13,± 8.77,raw/position_tracking_competitor_discovery_page_4_2026-07-02.txt
322,sillymcgilly.com,0.051%,+0.01,0,0,1,98.17,± 8.57,raw/position_tracking_competitor_discovery_page_4_2026-07-02.txt
323,thepioneerwoman.com,0.051%,+0.012,0,0,1,98.17,± 8.57,raw/position_tracking_competitor_discovery_page_4_2026-07-02.txt
324,fatherly.com,0.05%,+0.012,0,0,1,98.22,± 8.36,raw/position_tracking_competitor_discovery_page_4_2026-07-02.txt
325,alphabetforhumanity.com,0.049%,+0.011,0,0,1,98.26,± 8.16,raw/position_tracking_competitor_discovery_page_4_2026-07-02.txt
326,dreamgift.ai,0.049%,+0.014,0,0,1,98.26,± 8.16,raw/position_tracking_competitor_discovery_page_4_2026-07-02.txt
327,littleyellowstarteaches.com,0.049%,+0.008,0,0,1,98.26,± 8.16,raw/position_tracking_competitor_discovery_page_4_2026-07-02.txt
328,thescrollbreakkit.com,0.049%,+0.014,0.02,0,1,98.26,± 8.16,raw/position_tracking_competitor_discovery_page_4_2026-07-02.txt
329,prwe.com,0.048%,+0.019,0.01,+0.01,1,98.30,± 7.95,raw/position_tracking_competitor_discovery_page_4_2026-07-02.txt
330,teachingexpertise.com,0.048%,+0.008,0,0,1,98.30,± 7.95,raw/position_tracking_competitor_discovery_page_4_2026-07-02.txt
331,yahoo.com,0.048%,+0.014,0,0,1,98.30,± 7.95,raw/position_tracking_competitor_discovery_page_4_2026-07-02.txt
332,wthr.com,0.047%,+0.014,0,0,1,98.35,± 7.75,raw/position_tracking_competitor_discovery_page_4_2026-07-02.txt
333,momtastic.com,0.045%,+0.016,0,0,1,98.39,± 7.55,raw/position_tracking_competitor_discovery_page_4_2026-07-02.txt
334,arplis.com,0.044%,+0.029,0,0,1,98.43,± 7.34,raw/position_tracking_competitor_discovery_page_4_2026-07-02.txt
335,onmoxieandmotherhood.com,0.044%,+0.012,0,0,1,98.43,± 7.34,raw/position_tracking_competitor_discovery_page_4_2026-07-02.txt
336,sunrisebookstore.com,0.044%,+0.016,0,0,1,98.43,± 7.34,raw/position_tracking_competitor_discovery_page_4_2026-07-02.txt
337,whitesandsandcoolbreezes.com,0.043%,+0.032,0,0,1,98.48,± 7.14,raw/position_tracking_competitor_discovery_page_4_2026-07-02.txt
338,shortform.com,0.039%,+0.012,0,0,1,98.61,± 6.53,raw/position_tracking_competitor_discovery_page_4_2026-07-02.txt
339,nibmehub.com,0.036%,+0.012,0,0,1,98.74,± 5.91,raw/position_tracking_competitor_discovery_page_4_2026-07-02.txt
340,brandlists.com,0.029%,+0.018,0,0,1,99.00,± 4.69,raw/position_tracking_competitor_discovery_page_4_2026-07-02.txt
341,abcdeelearning.com,0,-4.348,0,-0.24,0,100.00,± 0,raw/position_tracking_competitor_discovery_page_4_2026-07-02.txt
342,barnesandnoble.com,0,-0.062,0,0,0,100.00,± 0,raw/position_tracking_competitor_discovery_page_4_2026-07-02.txt
343,christianbook.com,0,-0.093,0,0,0,100.00,± 0,raw/position_tracking_competitor_discovery_page_4_2026-07-02.txt
344,colorfulimages.com,0,-0.358,0,-0.59,0,100.00,± 0,raw/position_tracking_competitor_discovery_page_4_2026-07-02.txt
345,crateandbarrel.com,0,-0.121,0,-0.02,0,100.00,± 0,raw/position_tracking_competitor_discovery_page_4_2026-07-02.txt
346,currentcatalog.com,0,-0.221,0,-0.22,0,100.00,± 0,raw/position_tracking_competitor_discovery_page_4_2026-07-02.txt
347,ebay.com,0,-0.217,0,-0.48,0,100.00,± 0,raw/position_tracking_competitor_discovery_page_4_2026-07-02.txt
348,genieinabook.com,0,-0.11,0,0,0,100.00,± 0,raw/position_tracking_competitor_discovery_page_4_2026-07-02.txt
349,gifts.com,0,-0.467,0,-0.94,0,100.00,± 0,raw/position_tracking_competitor_discovery_page_4_2026-07-02.txt
350,indiana.edu,0,-4.348,0,0,0,100.00,± 0,raw/position_tracking_competitor_discovery_page_4_2026-07-02.txt
351,kidkraft.com,0,-0.044,0,0,0,100.00,± 0,raw/position_tracking_competitor_discovery_page_4_2026-07-02.txt
352,lmsgamta.lt,0,-0.117,0,-0.19,0,100.00,± 0,raw/position_tracking_competitor_discovery_page_4_2026-07-02.txt
353,lovevery.com.au,0,-4.348,0,-1.33,0,100.00,± 0,raw/position_tracking_competitor_discovery_page_4_2026-07-02.txt
354,neuronest.ie,0,-4.348,0,0,0,100.00,± 0,raw/position_tracking_competitor_discovery_page_4_2026-07-02.txt
355,primarytimes.co.uk,0,-2.269,0,-6.68,0,100.00,± 0,raw/position_tracking_competitor_discovery_page_4_2026-07-02.txt
356,thefairyglitchmother.com,0,-4.348,0,-0.24,0,100.00,± 0,raw/position_tracking_competitor_discovery_page_4_2026-07-02.txt
357,tiktok.com,0,-0.219,0,-0.15,0,100.00,± 0,raw/position_tracking_competitor_discovery_page_4_2026-07-02.txt
358,tinylandus.com,0,-4.348,0,-0.24,0,100.00,± 0,raw/position_tracking_competitor_discovery_page_4_2026-07-02.txt
359,tinyme.com,0,-0.184,0,-0.16,0,100.00,± 0,raw/position_tracking_competitor_discovery_page_4_2026-07-02.txt
360,which.co.uk,0,-4.348,0,-0.24,0,100.00,± 0,raw/position_tracking_competitor_discovery_page_4_2026-07-02.txt
361,wholechildcounseling.com,0,-4.348,0,0,0,100.00,± 0,raw/position_tracking_competitor_discovery_page_4_2026-07-02.txt
