url,title,description,keyword,keyword type,volume,keyword difficulty,intent
https://littleherolabs.com/create/character,Character — Create Your Book | Little Hero Labs,create your personalized book — little hero labs,personalize book character,recommended,0,0,
https://littleherolabs.com/our-books,Personalized Children's Books Collection | Custom Kids Books | Little Hero Labs,"explore personalized children's books where your child is the actual hero. customize their look, hometown, dedication, pronouns, and animal companion in a launch edition softcover.",custom kids book,recommended,590,42,commercial
https://www.littleherolabs.com/,Personalized Children's Books | Custom Kids Books | Little Hero Labs,"create a personalized children's book where your child is the actual hero. customize their look, hometown, dedication, pronouns, and animal companion in a 16-page launch edition softcover.",personalized childrens books,recommended,880,43,commercial
https://www.littleherolabs.com/,Personalized Children's Books | Custom Kids Books | Little Hero Labs,"create a personalized children's book where your child is the actual hero. customize their look, hometown, dedication, pronouns, and animal companion in a 16-page launch edition softcover.",personalized book for kids,recommended,880,60,commercial
https://www.littleherolabs.com/,Personalized Children's Books | Custom Kids Books | Little Hero Labs,"create a personalized children's book where your child is the actual hero. customize their look, hometown, dedication, pronouns, and animal companion in a 16-page launch edition softcover.",kids personalized books,recommended,480,54,"informational, transactional"
https://www.littleherolabs.com/,Personalized Children's Books | Custom Kids Books | Little Hero Labs,"create a personalized children's book where your child is the actual hero. customize their look, hometown, dedication, pronouns, and animal companion in a 16-page launch edition softcover.",customized books for kids,recommended,390,51,commercial
https://www.littleherolabs.com/,Personalized Children's Books | Custom Kids Books | Little Hero Labs,"create a personalized children's book where your child is the actual hero. customize their look, hometown, dedication, pronouns, and animal companion in a 16-page launch edition softcover.",personalised books for kids,recommended,480,58,"informational, transactional"
https://www.littleherolabs.com/,Personalized Children's Books | Custom Kids Books | Little Hero Labs,"create a personalized children's book where your child is the actual hero. customize their look, hometown, dedication, pronouns, and animal companion in a 16-page launch edition softcover.",custom childrens books,recommended,390,58,commercial
https://www.littleherolabs.com/,Personalized Children's Books | Custom Kids Books | Little Hero Labs,"create a personalized children's book where your child is the actual hero. customize their look, hometown, dedication, pronouns, and animal companion in a 16-page launch edition softcover.",custom kids books,recommended,320,53,commercial
https://www.littleherolabs.com/,Personalized Children's Books | Custom Kids Books | Little Hero Labs,"create a personalized children's book where your child is the actual hero. customize their look, hometown, dedication, pronouns, and animal companion in a 16-page launch edition softcover.",personalized child book,recommended,140,41,commercial
https://www.littleherolabs.com/,Personalized Children's Books | Custom Kids Books | Little Hero Labs,"create a personalized children's book where your child is the actual hero. customize their look, hometown, dedication, pronouns, and animal companion in a 16-page launch edition softcover.",personalized story books for children,recommended,50,21,transactional
https://www.littleherolabs.com/,Personalized Children's Books | Custom Kids Books | Little Hero Labs,"create a personalized children's book where your child is the actual hero. customize their look, hometown, dedication, pronouns, and animal companion in a 16-page launch edition softcover.",personalized children book,recommended,50,39,commercial
https://www.littleherolabs.com/,Personalized Children's Books | Custom Kids Books | Little Hero Labs,"create a personalized children's book where your child is the actual hero. customize their look, hometown, dedication, pronouns, and animal companion in a 16-page launch edition softcover.",customizable books for kids,recommended,90,57,commercial
https://www.littleherolabs.com/,Personalized Children's Books | Custom Kids Books | Little Hero Labs,"create a personalized children's book where your child is the actual hero. customize their look, hometown, dedication, pronouns, and animal companion in a 16-page launch edition softcover.",customize books for kids,recommended,70,51,commercial
https://www.littleherolabs.com/,Personalized Children's Books | Custom Kids Books | Little Hero Labs,"create a personalized children's book where your child is the actual hero. customize their look, hometown, dedication, pronouns, and animal companion in a 16-page launch edition softcover.",custom story books for kids,recommended,70,56,commercial
https://www.littleherolabs.com/,Personalized Children's Books | Custom Kids Books | Little Hero Labs,"create a personalized children's book where your child is the actual hero. customize their look, hometown, dedication, pronouns, and animal companion in a 16-page launch edition softcover.",personalized kids gifts and books,recommended,90,63,commercial
https://www.littleherolabs.com/,Personalized Children's Books | Custom Kids Books | Little Hero Labs,"create a personalized children's book where your child is the actual hero. customize their look, hometown, dedication, pronouns, and animal companion in a 16-page launch edition softcover.",customized story books,recommended,70,62,commercial
https://www.littleherolabs.com/,Personalized Children's Books | Custom Kids Books | Little Hero Labs,"create a personalized children's book where your child is the actual hero. customize their look, hometown, dedication, pronouns, and animal companion in a 16-page launch edition softcover.",customized book for kids,recommended,50,55,commercial
https://www.littleherolabs.com/,Personalized Children's Books | Custom Kids Books | Little Hero Labs,"create a personalized children's book where your child is the actual hero. customize their look, hometown, dedication, pronouns, and animal companion in a 16-page launch edition softcover.",personalised childrens story books,recommended,50,55,"informational, transactional"
https://www.littleherolabs.com/,Personalized Children's Books | Custom Kids Books | Little Hero Labs,"create a personalized children's book where your child is the actual hero. customize their look, hometown, dedication, pronouns, and animal companion in a 16-page launch edition softcover.",personalized kid book,recommended,50,56,"informational, transactional"
https://www.littleherolabs.com/,Personalized Children's Books | Custom Kids Books | Little Hero Labs,"create a personalized children's book where your child is the actual hero. customize their look, hometown, dedication, pronouns, and animal companion in a 16-page launch edition softcover.",custom children's book,recommended,720,46,commercial
https://www.littleherolabs.com/,Personalized Children's Books | Custom Kids Books | Little Hero Labs,"create a personalized children's book where your child is the actual hero. customize their look, hometown, dedication, pronouns, and animal companion in a 16-page launch edition softcover.",buy personalized kids books,recommended,0,0,
https://www.littleherolabs.com/,Personalized Children's Books | Custom Kids Books | Little Hero Labs,"create a personalized children's book where your child is the actual hero. customize their look, hometown, dedication, pronouns, and animal companion in a 16-page launch edition softcover.",personalized story books,recommended,880,65,"informational, transactional"
https://www.littleherolabs.com/how-it-works,How to Create Your Personalized Children's Book | Little Hero Labs,"learn how to create a personalized children's book in three simple steps. customize your child's actual look, hometown, dedication, pronouns, and animal companion.",create a personalized book,recommended,260,63,"informational, transactional"
https://www.littleherolabs.com/how-it-works,How to Create Your Personalized Children's Book | Little Hero Labs,"learn how to create a personalized children's book in three simple steps. customize your child's actual look, hometown, dedication, pronouns, and animal companion.",how to make a personalized book,recommended,90,68,informational
https://www.littleherolabs.com/how-it-works,How to Create Your Personalized Children's Book | Little Hero Labs,"learn how to create a personalized children's book in three simple steps. customize your child's actual look, hometown, dedication, pronouns, and animal companion.",how to create personalized book,recommended,0,0,
https://www.littleherolabs.com/how-it-works,How to Create Your Personalized Children's Book | Little Hero Labs,"learn how to create a personalized children's book in three simple steps. customize your child's actual look, hometown, dedication, pronouns, and animal companion.",steps to make custom kids book,recommended,0,0,
,childrens activity books,,childrens activity books,recommended,880,18,commercial
,childrens activity books,,kids activity books,recommended,720,20,"informational, commercial"
,personalized baby books,,personalized baby books,recommended,2400,21,transactional
,personalized baby books,,personalized baby book,recommended,1000,23,"informational, transactional"
,personalized baby books,,custom book,recommended,2400,67,commercial
,personalized baby books,,personalized book,recommended,1900,66,commercial
,personalized baby books,,personalized kids christmas books,recommended,140,7,transactional
,personalized baby books,,personalized adventure books,recommended,170,16,commercial
,personalized baby books,,personalized story books with photos,recommended,720,57,"informational, transactional"
,personalized baby books,,customized baby book,recommended,170,19,"informational, transactional"
,personalized baby books,,custom story book,recommended,720,65,commercial
,personalized baby books,,customizable book,recommended,720,69,"informational, transactional"
,personalized baby books,,personalized books for parents,recommended,210,37,commercial
,personalized baby books,,personalized books for toddlers,recommended,390,59,"informational, transactional"
,personalized baby books,,customized books,recommended,590,70,commercial
,personalized baby books,,personalized story book,recommended,320,62,commercial
,personalized baby books,,customizable books,recommended,390,65,commercial
,personalized baby books,,customized book,recommended,480,72,"informational, transactional"
,personalized baby books,,make a childrens book,recommended,110,30,informational
,personalized baby books,,personalized books for imagination,recommended,210,52,commercial
,personalized baby books,,make a kids book,recommended,90,30,informational
,personalized baby books,,personalized book with pictures,recommended,320,68,"informational, transactional"
,personalized baby books,,personalized books for kids with photos,recommended,110,51,commercial
,personalized baby books,,childrens book maker,recommended,110,46,informational
,personalized baby books,,personalised books for boys,recommended,140,57,"informational, transactional"
,personalized baby books,,personalized kids learning books,recommended,110,58,commercial
,personalized baby books,,personalized books for kids with names,recommended,110,59,informational
,personalized baby books,,kids make your own book,recommended,50,31,commercial
,personalized baby books,,write your own book for kids,recommended,50,27,"informational, transactional"
,personalized baby books,,custom story books,recommended,90,58,commercial
,personalized baby books,,custom toddler book,recommended,40,40,commercial
,personalized baby books,,personalised childrens book,recommended,70,60,transactional
,personalized picture book,,personalized picture book,recommended,720,66,transactional
,personalized picture book,,picture book custom,recommended,30,60,commercial
,personalized christmas book,,personalized christmas book,recommended,720,4,transactional
,personalized christmas book,,christmas books personalized,recommended,480,8,transactional
,personalized books for babies,,personalized books for babies,recommended,720,25,commercial
,personalized books for babies,,personalised christmas childrens books,recommended,320,4,"informational, transactional"
,personalized books for babies,,kids story books,recommended,1300,58,commercial
,personalized books for babies,,create your own book,recommended,1900,64,informational
,personalized books for babies,,make your own book for kids,recommended,480,49,informational
,personalized books for babies,,create your own book for kids,recommended,170,26,"informational, commercial"
,personalized books for babies,,custom book maker,recommended,320,55,commercial
,personalized books for babies,,create a custom book,recommended,140,62,commercial
,personalized books for babies,,personalised book,recommended,110,60,"informational, transactional"
,personalized books for babies,,book maker for kids,recommended,90,50,commercial
,personalized books for babies,,how to make a custom book,recommended,90,59,informational
,personalized books for babies,,personalised story books,recommended,70,63,commercial
,personalized books for babies,,personalized chapter books,recommended,30,47,commercial
,personalized books for babies,,how to make a book for kids,recommended,40,30,informational
,personalized books for babies,,personalized board books,recommended,880,23,commercial
,personalized books for babies,,personalized books for infants,recommended,720,23,transactional
,personalized books for babies,,create a book,recommended,1900,69,commercial
,personalized books for babies,,kidsbooks,recommended,880,71,commercial
,customized baby books,,customized baby books,recommended,210,18,transactional
,customized baby books,,create a childrens book,recommended,140,31,informational
,customized baby books,,how to create your own book,recommended,320,62,informational
,customized baby books,,how to create a childrens book,recommended,90,30,informational
,customized baby books,,how to make a childrens book,recommended,170,27,informational
,customized baby books,,create story book,recommended,50,57,informational
,customized baby books,,book publishing for kids,recommended,70,42,informational
,personalized coloring books,,personalized coloring books,recommended,1900,8,commercial
,personalized coloring books,,custom coloring books,recommended,2400,20,commercial
,personalized coloring books,,personalized books with pictures,recommended,40,62,transactional
,personalized coloring books,,custom coloring book,recommended,720,18,commercial
,personalized coloring books,,personalized coloring book,recommended,590,27,commercial
,personalized coloring books,,create the book,recommended,90,43,informational
,kids personalized gifts,,kids personalized gifts,recommended,390,28,commercial
,kids personalized gifts,,personalized gifts for children,recommended,140,26,commercial
,kids personalized gifts,,custom gifts for kids,recommended,110,27,"informational, commercial"
,kids personalized gifts,,personalized gift for kids,recommended,90,23,commercial
,kids personalized gifts,,personalized kids,recommended,50,35,commercial
,kid story book,,kid story book,recommended,1000,36,"informational, transactional"
,kid story book,,childrens books stories,recommended,390,48,"informational, commercial"
,kid story book,,kiddie story book,recommended,390,54,commercial
,kid story book,,story book for kids,recommended,40,51,commercial
,story books children,,story books children,recommended,90,53,commercial
,story books children,,children's books near me,recommended,1000,52,transactional
