"tool","seed_keyword","keyword","intent","volume","kd_percent","cpc_usd","sf","updated","source"
"Keyword Magic Tool","personalized childrens book","personalized childrens books","I;C","880","47","0.00","","1 month","user inline paste 2026-06-29"
"Keyword Magic Tool","personalized childrens book","personalized childrens book","C","590","45","2.18","","1 month","user inline paste 2026-06-29"
"Keyword Magic Tool","personalized childrens book","personalized childrens christmas books","C","110","0","0.00","","1 month","user inline paste 2026-06-29"
"Keyword Magic Tool","personalized childrens book","personalized race cars childrens book","C","90","2","0.00","","1 month","user inline paste 2026-06-29"
"Keyword Magic Tool","personalized childrens book","childrens personalized books","C","70","60","0.00","","1 month","user inline paste 2026-06-29"
"Keyword Magic Tool","personalized childrens book","personalized christmas childrens books","C","70","9","0.00","","1 month","user inline paste 2026-06-29"
"Keyword Magic Tool","personalized childrens book","personalized childrens car books","C","50","0","0.00","","1 month","user inline paste 2026-06-29"
"Keyword Magic Tool","personalized childrens book","childrens personalized book bags","I;T","40","25","1.23","","1 month","user inline paste 2026-06-29"
"Keyword Magic Tool","custom childrens book","custom childrens book","C","880","59","0.00","","1 month","user inline paste 2026-06-29"
"Keyword Magic Tool","custom childrens book","custom childrens books christmas","C","880","2","1.37","","1 month","user inline paste 2026-06-29"
"Keyword Magic Tool","custom childrens book","customized childrens books","C","210","58","0.00","","1 month","user inline paste 2026-06-29"
"Keyword Magic Tool","custom childrens book","custom childrens books","C","140","48","0.00","","1 month","user inline paste 2026-06-29"
"Keyword Magic Tool","personalized kids book","personalized books for kids","C","6,600","67","1.69","","4 weeks","user inline paste 2026-06-29"
"Keyword Magic Tool","personalized kids book","personalized kids books","C","2,400","64","1.65","","3 weeks","user inline paste 2026-06-29"
"Keyword Magic Tool","personalized kids book","personalized book for kids","C","880","45","0.00","","1 month","user inline paste 2026-06-29"
"Keyword Magic Tool","personalized kids book","personalized kids book","C","590","60","0.00","","3 weeks","user inline paste 2026-06-29"
"Keyword Magic Tool","personalized kids book","personalized story books for kids","I;C","590","50","0.00","","1 month","user inline paste 2026-06-29"
"Keyword Magic Tool","personalized kids book","kids personalized books","C","480","60","0.00","","4 weeks","user inline paste 2026-06-29"
"Keyword Magic Tool","personalized kids book","personalized kid books","C","390","58","0.00","","1 month","user inline paste 2026-06-29"
"Keyword Magic Tool","personalized kids book","personalized christmas books for kids","C","320","2","0.00","","1 month","user inline paste 2026-06-29"
"Keyword Magic Tool","personalized kids book","best personalized books for kids","C","140","26","0.00","","3 weeks","user inline paste 2026-06-29"
"Keyword Magic Tool","personalized kids book","personalized books for kids with names","C","140","29","0.00","","1 month","user inline paste 2026-06-29"
"Keyword Magic Tool","personalized kids book","personalized coloring books for kids","C","140","16","0.00","","1 month","user inline paste 2026-06-29"
"Keyword Magic Tool","personalized kids book","personalized kids learning books","C","140","42","0.00","","4 weeks","user inline paste 2026-06-29"
"Keyword Magic Tool","personalized kids book","personalized kids gifts and books","C","110","35","0.00","","1 month","user inline paste 2026-06-29"
"Keyword Magic Tool","personalized kids book","i spy personalized kids book","C","90","13","0.00","","1 month","user inline paste 2026-06-29"
"Keyword Magic Tool","personalized kids book","personalized kids books with photo","C","90","57","0.00","","1 month","user inline paste 2026-06-29"
"Keyword Magic Tool","personalized kids book","personalized kids christmas books","C","90","3","0.00","","4 weeks","user inline paste 2026-06-29"
"Keyword Magic Tool","personalized kids book","personalized kids story books","I;C","90","58","0.00","","1 month","user inline paste 2026-06-29"
"Keyword Magic Tool","personalized kids book","personalized books for kids with their picture","C","70","54","0.00","","1 month","user inline paste 2026-06-29"
"Keyword Magic Tool","personalized kids book","personalized i spy books for kids","C","70","8","0.00","","4 weeks","user inline paste 2026-06-29"
"Keyword Magic Tool","personalized kids book","personalized birthday books for kids","C","50","9","0.00","","4 weeks","user inline paste 2026-06-29"
"Keyword Magic Tool","personalized kids book","personalized books for kids with photos","I;C","50","46","0.00","","4 weeks","user inline paste 2026-06-29"
"Keyword Magic Tool","personalized kids book","personalized dog books for kids","C","50","2","0.00","","1 month","user inline paste 2026-06-29"
"Keyword Magic Tool","personalized kids book","personalized i spy book for kids","C","50","16","0.00","","1 month","user inline paste 2026-06-29"
"Keyword Magic Tool","personalized kids book","personalized kid book","C","50","56","0.00","","1 month","user inline paste 2026-06-29"
"Keyword Magic Tool","personalized kids book","best personalized books for kids with pictures","C","40","56","0.00","","1 month","user inline paste 2026-06-29"
"Keyword Magic Tool","personalized kids book","kids personalized book","I;T","40","58","0.00","","1 month","user inline paste 2026-06-29"
"Keyword Magic Tool","personalized kids book","personalized book for kids with photo","C","40","54","0.00","","1 month","user inline paste 2026-06-29"
"Keyword Magic Tool","personalized kids book","personalized book with kids picture","C","40","52","0.00","","1 month","user inline paste 2026-06-29"
"Keyword Magic Tool","personalized kids book","personalized books with kids pictures","C","40","38","0.00","","1 month","user inline paste 2026-06-29"
"Keyword Magic Tool","personalized kids book","personalized christian books for kids","C","40","12","0.00","","1 month","user inline paste 2026-06-29"
"Keyword Magic Tool","personalized kids book","personalized christmas book for kids","C","40","6","0.00","","1 month","user inline paste 2026-06-29"
"Keyword Magic Tool","personalized kids book","personalized dinosaur books for kids","C","40","0","0.00","","1 month","user inline paste 2026-06-29"
"Keyword Magic Tool","personalized kids book","personalized kids books with names","C","40","22","0.00","","1 month","user inline paste 2026-06-29"
"Keyword Magic Tool","personalized kids book","personalized story book for kids","C","40","56","0.00","","1 month","user inline paste 2026-06-29"
"Keyword Magic Tool","personalized storybook","personalized storybooks","C","480","47","2.07","","1 month","user inline paste 2026-06-29"
"Keyword Magic Tool","personalized storybook","personalized storybook","C","70","64","1.99","","3 weeks","user inline paste 2026-06-29"
"Keyword Magic Tool","personalized storybook","personal storybook","C","50","57","1.79","","1 month","user inline paste 2026-06-29"
"Keyword Magic Tool","personalized storybook","popular themes for personalized children's storybooks","C","50","0","0.00","","1 month","user inline paste 2026-06-29"
"Keyword Magic Tool","personalized storybook","personalized storybooks for gifts","C","40","47","0.00","","1 month","user inline paste 2026-06-29"
"Keyword Magic Tool","personalized birthday book","personalized birthday book","C","480","10","2.00","","1 month","user inline paste 2026-06-29"
"Keyword Magic Tool","personalized birthday book","personalized birthday books","C","320","6","2.00","","1 month","user inline paste 2026-06-29"
"Keyword Magic Tool","personalized birthday book","personalized first birthday book","C","210","6","1.55","","4 weeks","user inline paste 2026-06-29"
"Keyword Magic Tool","personalized birthday book","personalized 1st birthday book","C","170","6","1.42","","4 weeks","user inline paste 2026-06-29"
"Keyword Magic Tool","personalized birthday book","birthday book personalized","C","110","8","2.01","","1 month","user inline paste 2026-06-29"
"Keyword Magic Tool","personalized birthday book","personalized birthday books for adults","I;C","110","21","1.84","","1 month","user inline paste 2026-06-29"
"Keyword Magic Tool","personalized birthday book","personalized birthday book for 1st birthday","C","90","2","1.54","","1 month","user inline paste 2026-06-29"
"Keyword Magic Tool","personalized birthday book","1st birthday book personalized","C","70","16","1.54","","1 month","user inline paste 2026-06-29"
"Keyword Magic Tool","personalized birthday book","personalized 1st birthday books","I;T","70","6","1.54","","1 month","user inline paste 2026-06-29"
"Keyword Magic Tool","personalized birthday book","first birthday personalized book","C","50","9","1.77","","1 month","user inline paste 2026-06-29"
"Keyword Magic Tool","personalized birthday book","personalized birthday books for kids","C","50","9","0.00","","4 weeks","user inline paste 2026-06-29"
"Keyword Magic Tool","personalized birthday book","personalized first birthday book for boy","C","40","1","0.00","","1 month","user inline paste 2026-06-29"
"Keyword Magic Tool","personalized birthday book","personalized first birthday book for girl","C","40","4","0.00","","1 month","user inline paste 2026-06-29"
"Keyword Magic Tool","personalized birthday book","1st birthday personalized book","C","30","3","1.77","","1 month","user inline paste 2026-06-29"
"Keyword Magic Tool","personalized birthday book","first birthday book personalized","C","30","5","1.55","","4 weeks","user inline paste 2026-06-29"
"Keyword Magic Tool","personalized birthday book","personalized birthday book for adults","C","30","16","1.84","","1 month","user inline paste 2026-06-29"
"Keyword Magic Tool","personalized birthday book","personalized first birthday books","C","30","2","1.77","","1 month","user inline paste 2026-06-29"
"Keyword Magic Tool","book with child's name","books with child's name in them","I;C","70","27","1.83","","4 weeks","user inline paste 2026-06-29"
"Keyword Magic Tool","children's book about courage","children's books about courage","I;C","590","12","0.00","","1 month","user inline paste 2026-06-29"
"Keyword Magic Tool","birthday gift for 3 year old","birthday gift for 3 year old girl","C","880","32","0.00","","1 month","user inline paste 2026-06-29"
"Keyword Magic Tool","birthday gift for 3 year old","birthday gift for 3 year old boy","C","720","30","0.00","","1 month","user inline paste 2026-06-29"
"Keyword Magic Tool","birthday gift for 3 year old","birthday gifts for 3 year old girl","C","590","27","0.00","","1 month","user inline paste 2026-06-29"
"Keyword Magic Tool","birthday gift for 3 year old","birthday gifts for 3 year old boy","C","480","29","0.00","","1 month","user inline paste 2026-06-29"
"Keyword Magic Tool","birthday gift for 3 year old","birthday gifts for 3 year olds","I","390","20","0.44","","1 month","user inline paste 2026-06-29"
"Keyword Magic Tool","birthday gift for 3 year old","birthday gift ideas for 3 year olds","I","210","21","0.00","","1 month","user inline paste 2026-06-29"
"Keyword Magic Tool","birthday gift for 3 year old","birthday gift ideas for 3 year old girl","C","170","23","0.00","","1 month","user inline paste 2026-06-29"
"Keyword Magic Tool","birthday gift for 3 year old","best birthday gifts for 3 year old girl","C","140","29","0.00","","3 weeks","user inline paste 2026-06-29"
"Keyword Magic Tool","birthday gift for 3 year old","best birthday gift for 3 year old girl","C","110","19","0.00","","1 month","user inline paste 2026-06-29"
"Keyword Magic Tool","birthday gift for 3 year old","birthday gift ideas for 3 year old boy","C","110","28","0.00","","1 month","user inline paste 2026-06-29"
"Keyword Magic Tool","birthday gift for 3 year old","birthday gifts for 3 year old","C","110","21","0.00","","1 month","user inline paste 2026-06-29"
"Keyword Magic Tool","birthday gift for 3 year old","best birthday gift for 3 year old boy","C","90","22","0.00","","3 weeks","user inline paste 2026-06-29"
"Keyword Magic Tool","birthday gift for 3 year old","best birthday gifts for 3 year olds","C","90","27","0.37","","4 weeks","user inline paste 2026-06-29"
"Keyword Magic Tool","birthday gift for 3 year old","birthday gift for 3 year old","C","90","18","0.00","","1 month","user inline paste 2026-06-29"
"Keyword Magic Tool","birthday gift for 3 year old","best birthday gifts for 3 year old boy","C","70","20","0.00","","3 weeks","user inline paste 2026-06-29"
"Keyword Magic Tool","birthday gift for 3 year old","birthday gifts for a 3 year old girl","I","70","12","0.00","","1 month","user inline paste 2026-06-29"
"Keyword Magic Tool","birthday gift for 3 year old","birthday gift ideas for 3 year old","C","50","21","0.00","","1 month","user inline paste 2026-06-29"
"Keyword Magic Tool","birthday gift for 3 year old","birthday gifts for a 3 year old boy","C","50","20","0.00","","1 month","user inline paste 2026-06-29"
"Keyword Magic Tool","birthday gift for 3 year old","gift ideas for 3 year old girl birthday","C","50","29","0.00","","1 month","user inline paste 2026-06-29"
"Keyword Magic Tool","birthday gift for 3 year old","gifts for 3 year old girl birthday","I;C","50","27","0.00","","1 month","user inline paste 2026-06-29"
"Keyword Magic Tool","birthday gift for 3 year old","best birthday gifts for 3 year old boys","C","40","14","0.00","","1 month","user inline paste 2026-06-29"
"Keyword Magic Tool","birthday gift for 3 year old","best gifts for 3 year old girl birthday","C","40","21","0.00","","1 month","user inline paste 2026-06-29"
"Keyword Magic Tool","birthday gift for 3 year old","birthday gifts for 3 year old boys","C","40","30","0.00","","3 weeks","user inline paste 2026-06-29"
"Keyword Magic Tool","birthday gift for 4 year old","birthday gifts for 4 year old girl","C","480","31","0.00","","1 month","user inline paste 2026-06-29"
"Keyword Magic Tool","birthday gift for 4 year old","birthday gift for 4 year old boy","C","390","28","0.00","","1 month","user inline paste 2026-06-29"
"Keyword Magic Tool","birthday gift for 4 year old","birthday gift for 4 year old girl","C","390","29","0.00","","1 month","user inline paste 2026-06-29"
"Keyword Magic Tool","birthday gift for 4 year old","birthday gifts for 4 year old boy","C","210","30","0.00","","1 month","user inline paste 2026-06-29"
"Keyword Magic Tool","birthday gift for 4 year old","birthday gifts for 4 year old boys","C","110","25","0.00","","1 month","user inline paste 2026-06-29"
"Keyword Magic Tool","birthday gift for 4 year old","gifts for 4 year old girl birthday","I","110","25","0.00","","1 month","user inline paste 2026-06-29"
"Keyword Magic Tool","birthday gift for 4 year old","best birthday gifts for 4 year olds","C","90","10","0.56","","1 month","user inline paste 2026-06-29"
"Keyword Magic Tool","birthday gift for 4 year old","best birthday gift for 4 year old girl","C","70","15","0.00","","1 month","user inline paste 2026-06-29"
"Keyword Magic Tool","birthday gift for 4 year old","best birthday gifts for 4 year old girl","C","70","15","0.00","","1 month","user inline paste 2026-06-29"
"Keyword Magic Tool","birthday gift for 4 year old","birthday gift ideas for 4 year old boy","C","70","34","0.00","","1 month","user inline paste 2026-06-29"
"Keyword Magic Tool","birthday gift for 4 year old","best birthday gift for 4 year old boy","C","50","20","0.00","","1 month","user inline paste 2026-06-29"
"Keyword Magic Tool","birthday gift for 4 year old","best gift for 4 year old girl birthday","C","50","21","0.00","","1 month","user inline paste 2026-06-29"
"Keyword Magic Tool","birthday gift for 4 year old","best birthday gifts for 4 year old boy","C","40","13","0.00","","1 month","user inline paste 2026-06-29"
"Keyword Magic Tool","birthday gift for 4 year old","birthday gift ideas for 4 year old girl","C","40","23","0.00","","3 weeks","user inline paste 2026-06-29"
"Keyword Magic Tool","birthday gift for 4 year old","birthday gift ideas for 4 year olds","C","40","13","0.47","","1 month","user inline paste 2026-06-29"
"Keyword Magic Tool","birthday gift for 4 year old","birthday gifts for 4 year old","I;C","40","18","0.00","","1 month","user inline paste 2026-06-29"
"Keyword Magic Tool","birthday gift for 4 year old","birthday gifts for 4 year olds","C","40","17","0.00","","1 month","user inline paste 2026-06-29"
"Keyword Magic Tool","personalized unicorn book","personalized unicorn book","C","40","0","1.59","","3 weeks","user inline paste 2026-06-29"
"Keyword Magic Tool","personalized dinosaur book","personalized dinosaur book","C","260","2","1.82","","1 month","user inline paste 2026-06-29"
"Keyword Magic Tool","personalized dinosaur book","personalized dinosaur books for kids","C","40","0","0.00","","1 month","user inline paste 2026-06-29"
