"domain","visibility","visibility_diff","context","source"
"iseeme.com","49.04%","0","Market Traffic vs Selected Domains Trends","user inline paste 2026-06-30"
"storybug.com","21.23%","0","Market Traffic vs Selected Domains Trends","user inline paste 2026-06-30"
"wonderbly.com","16.39%","0","Market Traffic vs Selected Domains Trends","user inline paste 2026-06-30"
"hoorayheroes.com","9.13%","0","Market Traffic vs Selected Domains Trends","user inline paste 2026-06-30"
"dinkleboo.com","2.77%","0","Market Traffic vs Selected Domains Trends","user inline paste 2026-06-30"
"iseeme.com","49.04","0","Competition Map","user inline paste 2026-06-30"
"google.com","28.57","0","Competition Map","user inline paste 2026-06-30"
"reddit.com","25.58","0","Competition Map","user inline paste 2026-06-30"
"storybug.com","21.23","0","Competition Map","user inline paste 2026-06-30"
"amazon.com","19.05","0","Competition Map","user inline paste 2026-06-30"
"wonderbly.com","16.39","0","Competition Map","user inline paste 2026-06-30"
"counselorchelsey.com","14.29","0","Competition Map","user inline paste 2026-06-30"
"hartsteinpsychological.com","14.29","0","Competition Map","user inline paste 2026-06-30"
"letterfest.com","12.82","0","Competition Map","user inline paste 2026-06-30"
"librio.com","11.59","0","Competition Map","user inline paste 2026-06-30"
