"report","target","search_engine","language","device","updated","keywords","competitors","metric","value","diff","note","source"
"Position Tracking Summary","littleherolabs.com","Google United States","English","Desktop","1 hour ago","14","6","visibility","0%","+0.56%","See potential; Jun 30","user inline paste 2026-06-30"
"Position Tracking Summary","littleherolabs.com","Google United States","English","Desktop","1 hour ago","14","6","estimated_traffic","0","+0.21","See potential","user inline paste 2026-06-30"
"Position Tracking Summary","littleherolabs.com","Google United States","English","Desktop","1 hour ago","14","6","average_position","100.00","19.29","up; See potential","user inline paste 2026-06-30"
"Position Tracking Summary","littleherolabs.com","Google United States","English","Desktop","1 hour ago","14","6","top_3_keywords","0","","new n/a; lost n/a","user inline paste 2026-06-30"
"Position Tracking Summary","littleherolabs.com","Google United States","English","Desktop","1 hour ago","14","6","top_10_keywords","0","","new n/a; lost n/a","user inline paste 2026-06-30"
"Position Tracking Summary","littleherolabs.com","Google United States","English","Desktop","1 hour ago","14","6","top_20_keywords","0","","new n/a; lost n/a","user inline paste 2026-06-30"
"Position Tracking Summary","littleherolabs.com","Google United States","English","Desktop","1 hour ago","14","6","top_100_keywords","0","","new n/a; lost n/a","user inline paste 2026-06-30"
"Position Tracking Summary","littleherolabs.com","Google United States","English","Desktop","1 hour ago","14","6","affected_keywords","0 / 0","","Cannibalization Health","user inline paste 2026-06-30"
"Position Tracking Summary","littleherolabs.com","Google United States","English","Desktop","1 hour ago","14","6","cannibal_pages","0 / 0","","Cannibalization Health","user inline paste 2026-06-30"
